1105,192.168.225.226
1115,192.168.227.82
1108,192.168.226.18
1107,192.168.226.2
1124,192.168.227.18
1120,192.168.226.194
1123,192.168.226.242
1125,192.168.227.98
1116,192.168.226.114
1114,192.168.227.66
1110,192.168.226.50
1127,192.168.227.34
1128,192.168.227.50
1104,192.168.226.146
1130,192.168.226.146
1155,192.168.229.18
1151,192.168.228.210
1134,192.168.227.194
1152,192.168.228.226
1153,192.168.228.242
1148,192.168.228.162
1135,192.168.227.210
1149,192.168.228.178
1131,192.168.227.146
1154,192.168.229.2
1150,192.168.228.194
1139,192.168.228.18
1156,192.168.229.34
1137,192.168.227.242
1140,192.169.3.194
1140,192.168.228.34
1159,192.168.252.162
1160,192.168.253.82
1143,192.168.228.82
1141,192.168.228.50
1142,192.168.228.66
1138,192.168.228.2
1132,192.168.227.162
1133,192.168.227.178
1136,192.168.227.226
1144,192.168.228.98
1404,192.168.247.210
1236,192.168.241.34
1420,192.168.254.194
1342,192.168.231.2
1410,192.168.251.226
1411,192.168.251.242
1421,192.169.0.226
1368,192.168.242.178
1362,192.168.236.50
1166,192.168.235.178
1343,192.168.231.18
1358,192.168.238.2
1180,192.168.229.162
1172,192.168.240.194
1513,192.168.251.34
1163,192.168.229.82
1380,192.168.234.226
1240,192.168.243.242
1372,192.168.232.66
1373,192.168.232.82
1353,192.168.231.34
1477,192.168.232.146
1264,192.168.234.242
1227,192.168.254.210
1167,192.168.235.210
1418,192.168.253.114
1355,192.168.230.178
1519,192.169.0.242
1202,192.168.250.98
1478,192.168.232.162
1181,192.168.237.18
1497,192.168.248.114
1193,192.168.248.130
1374,192.168.233.82
1341,192.168.240.66
1364,192.168.241.146
1356,192.168.229.242
1520,192.168.254.226
1232,192.168.236.66
1204,192.168.250.226
1490,192.168.241.130
1168,192.168.236.82
1255,192.168.231.194
1385,192.168.238.178
1382,192.168.229.98
1164,192.168.230.66
1402,192.168.243.66
1413,192.168.252.2
1488,192.168.239.178
1211,192.168.252.18
1269,192.168.231.66
1249,192.168.231.82
1370,192.168.231.98
1371,192.168.231.114
1414,192.168.252.34
1515,192.168.251.50
1361,192.168.235.226
1221,192.168.235.226
1328,192.168.233.130
1265,192.168.229.66
1243,192.168.244.2
1516,192.168.252.50
1287,192.168.252.66
1360,192.168.230.50
1161,192.168.232.98
1266,192.168.239.210
1194,192.168.248.146
1499,192.168.248.162
1173,192.168.241.50
1174,192.168.240.210
1424,192.169.0.2
1333,192.169.1.210
1245,192.168.238.194
1393,192.168.230.98
1394,192.168.230.114
1169,192.168.229.130
1400,192.168.242.194
1383,192.168.230.82
1501,192.168.250.114
1416,192.168.252.178
1417,192.168.253.130
1493,192.168.242.210
1396,192.168.229.178
1365,192.168.241.162
1256,192.168.231.210
1481,192.168.233.146
1187,192.168.242.66
1386,192.168.238.210
1425,192.169.0.18
1257,192.168.231.226
1274,192.168.231.242
1235,192.168.236.98
1278,192.168.236.146
1177,192.168.229.146
1375,192.168.233.162
1212,192.168.252.82
1334,192.169.2.162
1270,192.168.231.130
1272,192.168.231.146
1476,192.168.231.162
1292,192.168.247.226
1146,192.168.228.130
1415,192.168.251.178
1224,192.168.242.226
1485,192.168.235.242
1388,192.168.238.226
1258,192.168.232.2
1259,192.168.232.18
1557,192.168.236.2
1183,192.168.238.50
1293,192.168.247.242
1178,192.168.241.178
1504,192.168.248.226
1514,192.168.251.66
1335,192.169.2.178
1354,192.168.231.50
1434,192.169.3.2
1228,192.169.1.18
1246,192.168.238.242
1482,192.168.233.178
1184,192.168.238.66
1196,192.168.250.146
1384,192.168.236.18
1247,192.168.239.2
1189,192.168.248.2
1288,192.168.252.98
1427,192.169.1.34
1377,192.168.234.130
1487,192.168.239.18
1518,192.168.253.146
1197,192.168.250.162
1276,192.168.232.34
1190,192.168.245.130
1191,192.168.245.146
1205,192.168.251.2
1409,192.168.251.146
1216,192.168.252.146
1302,192.168.245.178
1244,192.168.244.18
1282,192.168.236.162
1304,192.168.245.210
1510,192.168.249.34
1408,192.168.230.210
1408,192.168.251.18
1310,192.168.246.2
1428,192.169.0.50
1491,192.168.238.82
1406,192.168.246.18
1214,192.168.252.114
1207,192.168.230.34
1506,192.168.249.66
1496,192.168.248.18
1170,192.168.236.114
1158,192.168.229.50
1185,192.168.229.194
1431,192.169.2.194
1508,192.168.249.82
1509,192.168.250.178
1320,192.168.246.34
1261,192.168.243.178
1336,192.169.2.210
1253,192.168.231.178
1433,192.169.2.226
1165,192.168.229.114
1198,192.168.249.98
1398,192.168.238.114
1327,192.168.230.162
1188,192.168.230.146
1483,192.168.233.210
1484,192.168.233.226
1494,192.168.242.242
1199,192.168.249.114
1203,192.168.249.130
1171,192.168.236.130
1210,192.168.230.2
1558,192.168.239.34
1511,192.168.250.194
1512,192.168.249.146
1176,192.168.241.66
1324,192.168.246.66
1186,192.168.229.210
1458,192.168.237.146
1561,192.168.241.194
1461,192.168.244.34
1566,192.168.252.194
1567,192.168.252.210
1363,192.168.241.210
1437,192.168.232.114
1325,192.169.0.130
1973,192.169.0.146
1975,192.169.1.114
1435,192.168.232.50
1470,192.169.1.130
1564,192.168.243.114
1285,192.168.252.130
1455,192.168.241.226
1457,192.168.241.242
1438,192.168.232.178
1447,192.168.240.98
1549,192.168.252.226
1444,192.168.239.66
1473,192.169.2.66
1559,192.168.233.242
1337,192.168.239.82
1338,192.168.239.98
1442,192.168.236.226
1550,192.168.253.98
1471,192.169.1.146
1451,192.168.241.82
1971,192.169.0.162
1453,192.168.241.98
1527,192.168.234.162
1279,192.168.236.194
1454,192.168.241.114
1448,192.168.240.121
1446,192.168.239.114
1547,192.168.249.194
1463,192.168.246.114
1528,192.168.234.2
1440,192.168.234.18
1456,192.168.242.2
1466,192.168.251.162
1464,192.168.248.50
1467,192.168.253.162
1283,192.168.236.210
1474,192.169.2.98
1539,192.168.242.18
1441,192.168.234.178
1540,192.168.242.34
1459,192.168.243.146
1545,192.168.249.210
1449,192.168.239.226
1323,192.168.246.146
1468,192.168.230.18
1542,192.168.243.2
1460,192.168.243.162
1367,192.168.242.50
1736,192.168.240.146
1578,192.168.234.34
1595,192.168.234.194
1646,192.168.246.162
1709,192.168.249.242
1607,192.168.235.82
1632,192.168.241.2
1587,192.168.232.130
1710,192.168.250.34
1631,192.168.241.18
1597,192.168.240.34
1733,192.169.0.194
1618,192.168.236.242
1711,192.168.250.50
1619,192.168.237.2
1987,192.168.235.50
1739,192.169.3.82
1729,192.168.251.210
1611,192.168.235.114
1651,192.168.247.98
1653,192.168.247.146
1583,192.168.234.82
1735,192.169.0.210
1640,192.168.243.194
1639,192.168.243.50
1614,192.168.235.194
1586,192.168.234.98
1608,192.168.235.130
1609,192.168.235.162
1610,192.168.235.146
1643,192.168.244.50
1629,192.168.248.98
1988,192.168.235.66
1985,192.168.234.114
1718,192.168.250.242
1647,192.168.247.194
1654,192.168.247.178
1661,192.168.248.82
1658,192.168.247.162
1666,192.168.247.130
1667,192.168.247.114
1668,192.168.247.82
1669,192.168.247.66
1450,192.168.240.50
1670,192.168.247.50
1675,192.168.247.34
1713,192.168.250.82
1680,192.168.247.18
1605,192.168.247.2
1546,192.168.250.66
1682,192.168.246.242
1688,192.168.246.226
1699,192.168.246.210
1685,192.168.246.194
1593,192.168.234.66
1594,192.168.234.50
1721,192.168.251.130
1705,192.168.240.18
1704,192.168.248.66
1722,192.168.251.114
1706,192.168.246.178
1612,192.168.235.98
1715,192.168.250.18
2028,192.168.238.162
1884,192.168.250.2
1764,192.168.237.242
1947,192.169.2.146
1767,192.168.237.226
1793,192.168.240.2
2043,192.168.239.242
1830,192.168.242.162
1787,192.168.239.130
1911,192.168.254.82
2063,192.168.242.146
1752,192.168.235.34
1769,192.168.237.210
2097,192.168.250.210
1885,192.168.249.226
1953,192.169.3.66
1331,192.168.232.194
2134,192.169.2.130
1954,192.169.3.50
2116,192.168.253.66
2114,192.168.253.50
2115,192.168.253.34
1948,192.169.2.114
2135,192.169.2.82
1816,192.168.242.130
2067,192.168.242.114
1842,192.168.246.130
1928,192.169.0.178
1797,192.168.240.130
1833,192.168.243.130
1843,192.168.246.98
2117,192.168.253.18
2119,192.168.253.2
1900,192.168.251.98
1913,192.168.254.50
1903,192.168.251.194
1747,192.168.234.146
1914,192.168.254.34
1839,192.168.243.226
1840,192.168.243.210
2100,192.168.249.178
2138,192.169.2.50
1915,192.168.254.66
2120,192.168.252.242
1845,192.168.248.34
1770,192.168.237.194
2007,192.168.237.178
1773,192.168.238.130
1772,192.168.237.162
1835,192.168.243.34
1889,192.168.249.162
1822,192.168.242.98
1930,192.169.1.98
1949,192.169.2.34
1791,192.168.239.50
1875,192.168.246.82
1939,192.169.0.114
1753,192.168.235.18
2089,192.168.246.50
1932,192.169.0.98
1759,192.168.236.178
1933,192.169.0.82
2128,192.169.1.82
1808,192.168.240.242
2013,192.168.237.130
1961,192.169.3.34
2124,192.168.254.18
1936,192.169.1.66
2014,192.168.238.98
2062,192.168.240.226
1925,192.169.0.66
1775,192.168.237.114
1938,192.169.1.50
1825,192.168.242.82
1890,192.168.249.50
2140,192.169.2.18
1998,192.168.233.194
2036,192.168.238.146
1836,192.168.243.98
1849,192.168.245.242
1964,192.169.3.18
1756,192.168.236.34
1851,192.168.245.226
1902,192.168.251.82
1852,192.168.245.194
1853,192.168.245.162
1777,192.168.237.98
1776,192.168.237.82
1778,192.168.237.66
1891,192.168.249.18
2102,192.168.249.2
1856,192.168.245.114
1857,192.168.245.98
1917,192.168.254.2
1892,192.168.248.242
1859,192.168.245.82
1893,192.168.248.210
1862,192.168.245.66
1864,192.168.245.50
1866,192.168.245.34
1868,192.168.245.18
1846,192.168.245.2
1873,192.168.244.242
1874,192.168.244.226
1879,192.168.244.210
1950,192.169.2.2
1941,192.169.0.34
2142,192.169.1.242
1881,192.168.244.194
1894,192.168.250.130
2145,192.169.1.226
1837,192.168.243.18
1754,192.168.235.2
1895,192.168.248.194
1896,192.168.248.178
1784,192.168.238.34
1838,192.168.243.82
1919,192.168.253.242
1951,192.169.1.194
1785,192.168.238.18
1801,192.168.239.194
1943,192.169.1.2
1920,192.168.253.226
1921,192.168.253.210
1922,192.168.253.194
1876,192.168.244.178
1923,192.168.253.178
2147,192.169.1.178
1883,192.168.244.162
2025,192.168.237.50
1802,192.168.239.162
2149,192.169.1.162
1946,192.168.254.242
1803,192.168.240.82
1749,192.168.233.114
1750,192.168.233.98
1751,192.168.233.66
1186,192.168.237.34
2158,192.168.233.50
2166,192.168.233.34
2162,192.168.233.18
2168,192.168.233.2
2169,192.168.232.242
2171,192.168.232.226
2177,192.168.232.210
1813,192.168.240.178
2014,192.168.240.162
2191,192.168.244.146
2196,192.168.244.130
2198,192.168.244.114
2199,192.168.244.98
2189,192.168.244.82
2212,192.168.254.178
2211,192.168.254.162
2229,192.168.234.210
2230,192.168.239.146
2218,192.168.244.66
2224,192.168.254.146
2225,192.168.254.130
2226,192.168.254.114
2227,192.168.254.98
1121,192.169.10.50
1111,192.169.3.226
1119,192.169.10.66
1145,192.169.4.18
1507,192.169.10.82
1505,192.169.3.242
1391,192.169.10.98
1419,192.169.10.114
1392,192.169.10.130
1284,192.169.10.146
1237,192.169.10.162
1331,192.169.10.178
1422,192.169.10.194
1521,192.169.10.210
1405,192.169.10.226
1401,192.169.10.242
1486,192.169.11.2
1357,192.169.11.18
1241,192.169.4.2
1492,192.169.11.34
1286,192.169.11.50
1326,192.169.11.66
1220,192.169.11.82
1219,192.169.11.98
1479,192.169.11.114
1218,192.169.11.130
1500,192.169.11.146
1430,192.169.11.162
1503,192.169.11.178
1381,192.169.11.194
1290,192.169.11.210
1387,192.169.11.226
1329,192.169.11.242
1403,192.169.12.2
1412,192.169.12.18
1273,192.169.12.34
1262,192.169.12.50
1522,192.169.12.66
1369,192.169.12.82
1215,192.169.12.98
1222,192.169.12.114
1389,192.169.12.130
1502,192.169.12.146
1192,192.169.4.66
1407,192.169.12.162
1429,192.169.12.178
1423,192.169.12.194
1223,192.169.12.210
1147,192.169.4.34
1397,192.169.12.226
1162,192.169.4.50
1229,192.169.12.242
1231,192.169.13.2
1523,192.169.13.18
1489,192.169.13.34
1206,192.169.4.82
1524,192.169.13.50
1399,192.169.13.66
1495,192.169.13.82
1560,192.169.13.98
1972,192.169.13.114
1548,192.169.9.226
1469,192.169.9.242
1536,192.169.13.130
1565,192.169.13.146
1436,192.169.13.162
1340,192.169.13.178
1563,192.169.13.194
1532,192.169.13.210
1268,192.169.13.226
1562,192.169.13.242
1277,192.169.14.2
1452,192.169.14.18
1339,192.169.14.34
1541,192.169.14.50
1538,192.169.14.66
1530,192.169.14.82
1978,192.169.14.98
1445,192.169.14.114
1531,192.169.14.130
1544,192.169.14.146
1546,192.169.14.162
1443,192.169.14.178
1305,192.169.14.194
1366,192.169.14.210
1472,192.169.14.226
1974,192.169.16.66
1322,192.169.14.242
1980,192.169.15.2
1655,192.169.15.18
1725,192.169.10.34
1572,192.169.15.34
1716,192.169.15.50
1573,192.169.15.66
1726,192.169.15.82
1732,192.169.15.98
1986,192.169.15.114
1717,192.169.15.130
1617,192.169.15.146
1576,192.169.15.162
1581,192.169.15.178
1588,192.169.15.194
1590,192.169.15.210
1738,192.169.15.226
1568,192.169.15.242
1649,192.169.16.2
1599,192.169.16.18
1723,192.169.16.34
1712,192.169.16.50
1642,192.169.10.2
1727,192.169.10.18
1650,192.169.16.82
1601,192.169.16.98
1740,192.169.16.114
1741,192.169.16.130
1720,192.169.16.146
1627,192.169.16.162
1742,192.169.16.178
1575,192.169.3.162
1730,192.169.16.194
1637,192.169.16.210
1644,192.169.16.226
1620,192.169.16.242
1719,192.169.17.2
1589,192.169.17.18
1570,192.169.17.34
1648,192.169.17.50
1663,192.169.17.66
1606,192.169.17.82
1571,192.169.17.98
1678,192.169.17.114
1683,192.169.17.130
1636,192.169.17.146
1633,192.169.17.162
1691,192.169.17.178
1645,192.169.17.194
1641,192.169.17.210
1694,192.169.17.226
1622,192.169.17.242
1634,192.169.18.2
1638,192.169.18.18
1623,192.169.18.34
1635,192.169.18.50
1574,192.169.18.66
1596,192.169.18.82
1731,192.169.18.98
1621,192.169.18.114
1616,192.169.18.130
1624,192.169.18.146
1909,192.169.18.162
1804,192.169.18.178
1805,192.169.18.194
1924,192.169.18.210
2047,192.169.18.226
1912,192.169.18.242
2122,192.169.19.2
1831,192.169.19.18
2106,192.169.19.34
1817,192.169.19.50
1818,192.169.19.66
1819,192.169.19.82
1806,192.169.19.98
1795,192.169.19.114
1796,192.169.19.130
1828,192.169.19.146
2030,192.169.19.162
1823,192.169.19.178
1926,192.169.19.194
1927,192.169.19.210
1758,192.169.19.226
1788,192.169.19.242
1935,192.169.20.2
1955,192.169.20.18
1956,192.169.20.34
2150,192.169.20.50
1748,192.169.20.66
1886,192.169.20.82
1904,192.169.20.98
1906,192.169.20.114
1841,192.169.20.130
1810,192.169.20.146
1834,192.169.20.162
2051,192.169.20.178
1789,192.169.20.194
2031,192.169.20.210
1916,192.169.20.226
1958,192.169.20.242
1931,192.169.21.2
2009,192.169.21.18
1790,192.169.21.34
2010,192.169.21.50
1807,192.169.21.66
1959,192.169.21.82
1963,192.169.21.98
2127,192.169.21.114
2154,192.169.21.130
1824,192.169.21.146
1798,192.169.21.162
2090,192.169.21.178
2001,192.169.21.194
1905,192.169.21.210
1960,192.169.21.226
2082,192.169.21.242
1848,192.169.22.2
1962,192.169.22.18
1937,192.169.22.34
1799,192.169.22.50
1800,192.169.22.66
1761,192.169.22.82
1827,192.169.22.98
1901,192.169.22.114
1792,192.169.22.130
1812,192.169.22.146
1821,192.169.22.162
2056,192.169.22.178
2107,192.169.22.194
1861,192.169.22.210
1863,192.169.22.226
2125,192.169.22.242
1869,192.169.23.2
1755,192.169.23.18
1877,192.169.23.34
1940,192.169.23.50
1829,192.169.23.66
1781,192.169.23.82
1783,192.169.23.98
1929,192.169.23.114
2103,192.169.23.130
1965,192.169.23.146
1918,192.169.23.162
1966,192.169.23.178
1942,192.169.23.194
1967,192.169.23.210
2049,192.169.23.226
2023,192.169.23.242
1757,192.169.24.2
1968,192.169.24.18
1813,192.169.24.34
1898,192.169.24.50
1952,192.169.24.66
1907,192.169.24.82
2132,192.169.24.98
1944,192.169.24.114
1945,192.169.24.130
1969,192.169.24.146
1970,192.169.24.162
1899,192.169.24.178
2155,192.169.24.194
2180,192.169.24.210
2197,192.169.24.226
2202,192.169.24.242
2205,192.169.25.2
2213,192.169.25.18
2231,192.169.25.34
2232,192.169.25.50
2233,192.169.25.66
2234,192.169.25.82
2236,192.169.25.98
2238,192.169.25.114
2239,192.169.25.130
2215,192.169.25.146
2219,192.169.25.162
2220,192.169.25.178
2221,192.169.25.194
2222,192.169.25.210
2223,192.169.25.226
2228,192.169.25.242
2407,192.169.26.130
1271,192.169.27.2
1475,192.169.27.66
1525,192.169.27.18
1529,192.169.26.210
1537,192.169.27.34
1543,192.169.27.50
1598,192.169.27.130
1600,192.169.27.82
1613,192.169.27.114
1625,192.169.27.98
1628,192.169.27.178
1728,192.169.27.146
1734,192.169.27.162
1744,192.169.26.226
1745,192.169.26.242
1809,192.169.28.34
1815,192.169.28.50
1882,192.169.28.226
1888,192.169.26.146
1897,192.169.29.18
2016,192.169.27.194
2020,192.169.27.210
2024,192.169.27.226
2032,192.169.27.242
2060,192.169.28.2
2061,192.169.28.18
2069,192.169.28.66
2071,192.169.28.82
2072,192.169.28.98
2076,192.169.28.114
2077,192.169.28.130
2080,192.169.28.146
2084,192.169.28.162
2085,192.169.28.178
2087,192.169.28.194
2093,192.169.28.210
2099,192.169.28.242
2104,192.169.29.2
2110,192.169.29.34
2113,192.169.29.50
2123,192.169.29.66
2129,192.169.29.82
2130,192.169.29.98
2131,192.169.29.114
2133,192.169.29.130
2139,192.169.29.146
2141,192.169.29.162
2148,192.169.29.178
2152,192.169.29.194
2161,192.169.29.242
2165,192.169.30.2
2170,192.169.30.18
2174,192.169.30.34
2175,192.169.30.50
2176,192.169.30.66
2184,192.169.30.82
2187,192.169.30.130
2192,192.169.30.178
2194,192.169.30.194
2201,192.169.30.210
2207,192.169.30.226
2216,192.169.31.194
2235,192.169.33.114
2244,192.169.31.130
2251,192.169.29.210
2252,192.169.30.98
2253,192.169.30.114
2256,192.169.30.242
2257,192.169.31.2
2262,192.169.32.226
2264,192.169.33.50
2265,192.169.33.66
2266,192.169.33.82
2269,192.169.33.146
2270,192.169.33.178
2279,192.169.26.162
2282,192.169.31.242
2284,192.169.32.2
2287,192.169.32.18
2296,192.169.32.130
2301,192.169.33.210
2302,192.169.33.226
2305,192.169.34.2
2306,192.169.34.34
2307,192.169.34.66
2308,192.169.34.114
2310,192.169.34.178
2312,192.169.34.130
2313,192.169.34.242
2314,192.169.34.210
2315,192.169.34.226
2316,192.169.35.18
2317,192.169.35.50
2318,192.169.35.34
2319,192.169.35.2
2320,192.169.35.66
2326,192.169.36.66
2328,192.169.36.162
2331,192.169.31.18
2333,192.169.31.98
2336,192.169.32.50
2337,192.169.32.82
2338,192.169.32.194
2339,192.169.33.2
2345,192.169.36.34
2346,192.169.36.50
2373,192.169.26.18
2393,192.169.31.34
2394,192.169.31.146
2399,192.169.32.34
2401,192.169.32.98
2402,192.169.32.114
2403,192.169.32.162
2408,192.169.33.98
2409,192.169.33.130
2410,192.169.33.242
2413,192.169.34.18
2422,192.169.35.194
2423,192.169.35.114
2424,192.169.35.146
2426,192.169.35.178
2429,192.169.35.226
2433,192.169.36.114
2434,192.169.36.146
2439,192.169.36.226
2441,192.169.36.242
2443,192.169.37.50
2444,192.169.37.66
2446,192.169.37.82
2451,192.169.37.130
2457,192.169.37.146
2458,192.169.37.162
2461,192.169.37.178
2462,192.169.37.194
2465,192.169.38.2
2468,192.169.38.18
2469,192.169.32.210
2471,192.169.38.34
2472,192.169.38.50
2473,192.169.38.66
2474,192.169.38.82
2475,192.169.38.114
2479,192.169.29.226
2480,192.169.30.146
2481,192.169.30.162
2482,192.169.31.50
2483,192.169.31.66
2484,192.169.31.82
2485,192.169.31.114
2486,192.169.26.178
2487,192.169.39.162
2488,192.169.31.162
2489,192.169.31.178
2490,192.169.31.210
2491,192.169.31.226
2492,192.169.32.66
2493,192.169.32.146
2494,192.169.32.178
2495,192.169.32.242
2496,192.169.33.18
2497,192.169.33.34
2498,192.169.33.162
2499,192.169.33.194
2500,192.169.34.50
2501,192.169.34.82
2502,192.169.34.98
2503,192.169.34.146
2504,192.169.34.162
2505,192.169.34.194
2506,192.169.35.82
2507,192.169.35.130
2508,192.169.35.162
2509,192.169.35.210
2510,192.169.35.242
2511,192.169.36.2
2512,192.169.36.18
2513,192.169.36.82
2514,192.169.36.98
2515,192.169.36.130
2516,192.169.36.178
2517,192.169.36.194
2518,192.169.36.210
2519,192.169.26.194
2520,192.169.37.2
2521,192.169.37.18
2522,192.169.37.34
2523,192.169.37.98
2524,192.169.37.114
2525,192.169.37.210
2526,192.169.37.226
2527,192.169.37.242
2528,192.169.38.98
2060,192.169.38.130
2530,192.169.38.146
2531,192.169.38.162
2532,192.169.38.178
2533,192.169.35.98
2534,192.169.38.194
2535,192.169.38.210
2536,192.169.38.226
2537,192.169.38.242
2538,192.169.39.2
2539,192.169.39.18
2540,192.169.39.34
2541,192.169.39.50
2542,192.169.39.66
2543,192.169.39.82
2544,192.169.39.98
2545,192.169.39.114
2546,192.169.39.130
2547,192.169.39.146
2548,192.169.39.178
2549,192.169.39.194
2550,192.169.39.210
1480,192.169.39.242
2173,192.169.40.2
2178,192.169.40.18
1983,192.169.40.34
2245,192.169.40.50
2246,192.169.40.66
2261,192.169.40.82
2241,192.169.40.98
2303,192.169.40.114
2438,192.169.40.130
2603,192.169.40.146
2604,192.169.40.162
2606,192.169.40.178
2467,192.169.40.194
2792,192.169.40.210
2416,192.169.40.226
2442,192.169.40.242
2570,192.169.41.2
2420,192.169.41.18
2343,192.169.41.34
2747,192.169.41.50
2344,192.169.41.66
2610,192.169.41.82
2611,192.169.41.98
2004,192.169.41.114
2005,192.169.41.130
2006,192.169.41.146
2015,192.169.41.162
2022,192.169.41.178
2694,192.169.41.194
2696,192.169.41.210
2078,192.169.41.226
2617,192.169.41.242
2645,192.169.42.2
2677,192.169.42.18
2639,192.169.42.34
2193,192.169.42.50
2188,192.169.42.66
2556,192.169.42.82
2761,192.169.42.98
2432,192.169.42.114
2679,192.169.42.130
2592,192.169.42.146
2726,192.169.42.162
2727,192.169.42.178
2728,192.169.42.194
2729,192.169.42.210
2597,192.169.42.226
2601,192.169.42.242
2602,192.169.43.2
2623,192.169.43.18
2767,192.169.43.34
2769,192.169.43.50
2770,192.169.43.66
2772,192.169.43.82
2294,192.169.43.98
2295,192.169.43.114
2577,192.169.43.130
2578,192.169.43.146
2682,192.169.43.162
2599,192.169.43.178
2731,192.169.43.194
2773,192.169.43.210
1724,192.169.43.226
2574,192.169.43.242
2775,192.169.44.2
2625,192.169.44.18
2777,192.169.44.34
2778,192.169.44.50
2311,192.169.44.66
2437,192.169.44.82
2118,192.169.44.98
2627,192.169.44.114
2271,192.169.44.130
2714,192.169.44.146
2780,192.169.44.162
2628,192.169.44.178
2629,192.169.44.194
2781,192.169.44.210
2631,192.169.44.226
2137,192.169.44.242
2136,192.169.45.2
2551,192.169.45.18
2552,192.169.45.34
2642,192.169.45.50
2553,192.169.45.66
2554,192.169.45.82
2634,192.169.45.98
2635,192.169.45.114
2891,192.169.46.2
2332,192.169.46.18
2579,192.169.46.34
1592,192.169.46.50
1591,192.169.46.66
2299,192.169.46.82
2743,192.169.46.98
2605,192.169.46.114
2893,192.169.46.130
2607,192.169.46.146
1330,192.169.46.162
1997,192.169.46.178
2157,192.169.46.194
2273,192.169.46.210
2867,192.169.46.226
2895,192.169.46.242
2896,192.169.47.2
2897,192.169.47.18
2899,192.169.47.34
2903,192.169.47.50
2304,192.169.47.66
1603,192.169.47.82
2466,192.169.47.98
2690,192.169.47.114
1615,192.169.45.146
2904,192.169.47.130
2275,192.169.47.146
2906,192.169.47.162
2555,192.169.47.178
2179,192.169.47.194
2181,192.169.45.178
2240,192.169.47.210
2587,192.169.47.226
2980,192.169.47.242
2981,192.169.48.2
2037,192.169.48.18
2804,192.169.48.34
2644,192.169.48.50
2670,192.169.48.66
2322,192.169.48.82
2569,192.169.48.98
2419,192.169.48.114
2421,192.169.48.130
2412,192.169.48.146
2691,192.169.48.162
1533,192.169.48.178
2746,192.169.48.194
2404,192.169.48.210
2558,192.169.48.226
2048,192.169.48.242
2055,192.169.49.2
1989,192.169.49.18
1674,192.169.49.34
1630,192.169.49.50
1390,192.169.49.66
2914,192.169.49.82
2673,192.169.49.98
2692,192.169.49.114
2693,192.169.49.130
2445,192.169.49.146
2447,192.169.49.162
2799,192.169.49.178
2800,192.169.49.194
2478,192.169.49.210
1395,192.169.49.226
2018,192.169.49.242
2026,192.169.50.2
2847,192.169.50.18
2448,192.169.50.34
2449,192.169.50.50
2450,192.169.50.66
2452,192.169.50.82
2453,192.169.50.98
2674,192.169.50.114
2425,192.169.50.130
2427,192.169.50.146
2428,192.169.50.162
2571,192.169.50.178
2832,192.169.50.194
2612,192.169.50.210
2613,192.169.50.226
2753,192.169.50.242
2618,192.169.51.2
2565,192.169.51.18
2566,192.169.51.34
2567,192.169.51.50
2559,192.169.51.66
2263,192.169.51.82
2661,192.169.51.98
2560,192.169.51.114
2561,192.169.51.130
1820,192.169.51.146
2074,192.169.51.162
2079,192.169.51.178
2081,192.169.51.194
1826,192.169.51.210
2083,192.169.51.226
2086,192.169.51.242
2591,192.169.52.2
2833,192.169.52.18
2619,192.169.52.34
2620,192.169.52.50
2254,192.169.52.66
2885,192.169.52.82
2637,192.169.52.98
2454,192.169.52.114
2756,192.169.52.130
1580,192.169.52.146
1692,192.169.52.162
1303,192.169.52.178
2195,192.169.52.194
2395,192.169.52.210
2398,192.169.52.226
2656,192.169.52.242
2557,192.169.53.2
2400,192.169.53.18
2249,192.169.53.34
2921,192.169.53.50
2764,192.169.53.66
2922,192.169.53.82
2923,192.169.53.98
2925,192.169.53.114
2624,192.169.53.130
2771,192.169.53.146
2927,192.169.53.162
2459,192.169.53.178
2460,192.169.53.194
2572,192.169.53.210
2327,192.169.53.226
2573,192.169.53.242
2886,192.169.54.2
2870,192.169.54.18
2593,192.169.54.34
2873,192.169.54.50
2874,192.169.54.66
2876,192.169.54.82
2959,192.169.54.98
2111,192.169.54.114
2112,192.169.54.130
2204,192.169.54.146
2206,192.169.54.162
2208,192.169.54.178
2255,192.169.54.194
2209,192.169.54.210
2776,192.169.54.226
2979,192.169.54.242
2888,192.169.55.2
2889,192.169.55.18
2890,192.169.55.34
1517,192.169.55.50
2258,192.169.55.66
2210,192.169.55.82
2575,192.169.55.98
2680,192.169.55.114
2626,192.169.55.130
2779,192.169.55.146
2600,192.169.55.162
1737,192.169.55.178
2267,192.169.55.194
2562,192.169.55.210
2814,192.169.55.226
2237,192.169.55.242
2272,192.169.56.2
2563,192.169.56.18
2297,192.169.56.34
2863,192.169.56.50
2583,192.169.56.66
2415,192.169.56.82
2576,192.169.56.98
2435,192.169.56.114
2929,192.169.56.130
2630,192.169.56.146
2632,192.169.56.162
2937,192.169.56.178
2939,192.169.56.194
2941,192.169.56.210
2943,192.169.56.226
2944,192.169.56.242
2884,192.169.57.2
2951,192.169.57.18
2789,192.169.57.34
2640,192.169.57.50
2641,192.169.57.66
2643,192.169.57.82
2143,192.169.57.98
2144,192.169.57.114
2146,192.169.57.130
2585,192.169.57.146
2586,192.169.57.162
2689,192.169.45.130
2568,192.169.57.78
2584,192.169.57.194