Cc,Sucursal,GRABADOR,ALARMA,CONTROL,SINCROBACK
1266,Huamixtitlan,192.168.239.210,192.168.239.217,192.169.239.218,192.169.239.219
1382,San Francisco Culhuacan,192.168.229.98,192.168.229.105 ,192.168.229.106,192.168.229.107
1183,Nezahualcoyotl,192.168.238.50,192.168.238.57,192.168.238.58,192.168.238.59
1138,Teotihuacan,192.169.3.114,192.169.3.121,192.168.3.122,192.168.3.123
1611,Peñon,192.168.235.114,192.168.235.121,192.168.235.122,192.168.235.123
1185,Temascalcingo,192.168.229.194,192.168.229.201,192.168.229.202,192.168.229.203
1104,Temamatla,192.168.226.146,192.168.226.153,192.168.226.154,192.168.226.155
1165,Tlahuac,192.168.229.114,192.168.229.121,192.168.229.122,192.168.229.123
1612,Santiago Tepalcatlan,192.168.235.98,192.168.235.105,192.168.235.106,192.168.235.107
1164,Tlatelolco,192.168.230.66,192.168.230.73,192.168.230.74,192.168.230.75
2014,Naucalpan,192.168.238.98,192.168.238.105,192.168.238.106,192.168.238.107
1398,Tultitlan,192.168.238.114,192.164.238.121,192.168.238.122,192.168.238.123
1383,Sta Cruz Meyehualco,192.168.230.82,192.168.230.89,192.168.230.90,192.168.230.91
1608,Magdalena Contreras,192.168.235.130,192.168.235.137,192.168.235.138,192.168.235.139
1607,Aquiles Serdan,192.168.235.82,192.168.235.89,192.168.235.90,192.168.235.91
1358,Centenario Zaragoza,192.168.238.2,192.168.238.9,192.168.238.10,192.168.238.11
1163,Doctor Vertiz,192.168.229.82,192.168.229.89,192.168.229.90,192.168.229.91
1610,Mipalta  Alta,192.168.235.146,192.168.235.153,192.168.235.154,192.168.235.155
1137,Jilotepec,192.168.227.242,192.168.227.249,192.168.227.250,192.168.227.251
1609,Observatorio,192.168.235.162,192.168.235.169,192.168.235.170,192.168.235.171
1143,Heroica Puebla ,192.168.228.82,192.168.228.89,192.168.228.90,192.168.228.91
1784,Tepetlixpa,192.168.238.34,192.168.238.41,19.168.238.42,19.168.238.43
1894,San Pablo Tepetzingo Puebla,192.168.250.130,192.168.250.137,192.168.250.138,192.168.250.139
1186,Zumpango de Ocampo,192.168.237.34,192.168.237.41,192.168.237.42,192.168.237.43
1247,Salamanca,192.168.239.2,192.168.239.9,192.168.239.10,192.168.239.11
1158,Tehuacan IMPI,192.168.229.50,192.168.229.57,192.168.229.58,192.168.229.59
1142,Chapulco,192.168.228.66,192.168.228.73,192.168.228.74,192.168.228.75
1193,Chignaguapan,192.168.248.130,192.168.248.137,192.168.248.138,192.168.248.139
1386,Leon aldama,192.168.238.210,192.168.238.217,192.168.238.218,192.168.238.219
1501,Izucar de  Matamoros,192.168.250.114,192.168.250.121,192.168.250.122,192.168.250.123
2097,Atlixco Puebla,192.168.250.210,192.168.250.217,192.168.250.218,192.168.250.219
1135,Cortazar Nuevo,192.168.227.210,192.168.227.217,192.168.227.218,192.168.227.219
1787,Zapata,192.168.239.130,192.168.239.137,192.168.239.138,192.168.239.139
1446,San Jose de Iturbide,192.168.239.114,192.168.239.121,192.168.239.122,192.168.239.123
1772,Agua Escondida Jilotepec,192.168.237.162,192.168.237.169,192.168.237.170,192.168.237.171
1134,Celaya,192.168.227.194,192.168.227.201,192.168.227.202,192.168.227.203
1558,Villagran,192.168.239.34,192.168.239.41,192.168.239.42,192.168.239.43
1388,Moroleon,192.168.238.226,192.168.238.233,192.168.238.234,192.168.238.235
1337,Las Trojes Luis de los Aldama,192.168.239.82,192.168.239.89,192.168.239.90,192.168.239.91
1722,Tierra  Barrio,192.168.251.114,192.168.251.121,192.168.251.122,192.168.251.123
1146,Mixtiquic Guerrero,192.168.228.130,192.168.228.137,192.168.228.138,192.168.228.139
1769,Shomeje Atlacomulco,192.168.237.210,192.168.237.217,192.168.237.218,192.168.237.219
1778,Las Huetas  San Felipe del Progreso,192.168.237.66,192.168.237.73,192.168.237.74,192.168.237.75
1504,Olintla Puebla,192.168.248.226,192.168.248.233,192.168.248.234,192.168.248.235
1764,San Pedro Acambay,192.168.237.242,192.168.237.249,192.168.237.250,192.168.237.251
1394,Ixtlahucan San Cristobál,192.168.230.114,192.168.230.121,192.168.230.122,192.168.230.123
1511,Xalacapan Puebla,192.168.250.194,192.168.250.201,192.168.250.202,192.168.250.203
1842,Coatecas Puebla,192.168.246.130,192.168.246.137,192.168.246.138,192.168.246.139
1458,Salitre Palmarillo,192.168.237.146,192.168.237.153,192.168.237.154,192.168.237.155
1204,Colon Queretaro,192.168.250.226,192.168.250.233,192.168.250.234,192.168.250.235
1506,Soltepec Puebla,192.168.249.66,192.168.249.73,192.168.249.74,192.168.249.75
1198,Tochtepec Pueble,192.168.249.98,192.168.249.105,192.168.249.106,192.168.249.107
1203,La Ceiba Puebla,192.168.249.130,192.168.249.137,192.168.249.138,192.168.249.139
1449,San Juan Mina Guerrero,192.168.239.226,192.168.239.233,192.168.239.234,192.168.239.235
1767,La Cascada Aculco ,192.168.237.226,192.168.237.233,192.168.237.34,192.168.237.35
1776,El Fresno  San Pedro del Progreso,192.168.237.82,192.168.237.89,192.168.237.90,192.168.237.91
1444,Guanajuato,192.168.239.66,192.168.239.73,192.168.239.74,192.168.239.75
1791,Del Arco,192.168.239.50,192.168.239.57,192.168.239.58,192.168.239.59
1196,Quecholac,192.168.250.146,192.168.250.153,192.168.250.154,192.168.250.155
1189,Salina Cruz Oaxaca,192.168.248.2,192.168.248.9,192.168.248.10,192.168.248.11
1181,Chapa de Mota Toluca,192.168.237.18,192.168.237.25,192.168.237.26,192.168.237.27
1499,Huejotzingo Los Zauces,192.168.248.162,192.168.248.169,192.168.248.170,192.168.248.171
1320,Tepelmeme,192.168.246.34,192.168.246.41,192.168.246.42,192.168.246.43
1202,Ciudad Serdan,192.168.250.98,192.168.250.105,192.168.250.106,192.168.250.107
1936,Nanchitlan,192.169.1.66,192.169.1.73,192.169.1.74,192.169.1.75
1341,Chilpancingo Boulevard,192.168.240.66,192.168.240.73,192.168.240.74,192.168.240.75
1709,Atoyatempan,192.168.249.242,192.168.249.249,192.168.249.250,192.168.249.251
1711,Domingo Arenas,192.168.250.50,192.168.250.57,192.168.250.58,192.168.250.59
1614,Juárez Coahuila,192.168.235.194,192.168.235.201,192.168.235.202,192.168.235.203
1155,Miramar,192.168.229.18,192.168.229.25,192.168.229.26,192.168.229.27
1393,Concepcion de los Baños,192.168.230.98,192.168.230.105,192.168.230.106,192.168.230.107
1325,Coacoatzintla,192.169.0.130,192.169.0.137,192.169.0.138,192.169.0.139
1199,Santa  Maria del Monte,192.168.249.114,192.168.249.121,192.168.249.122,192.168.249.123
1169,Ixtlahuaca,192.168.229.130,192.168.229.137,192.168.229.138,192.168.229.139
1973,Las Vigas,192.169.0.146,192.169.0.153,192.169.0.154,192.169.0.155
2007,San Pedro de los Baños,192.168.237.178,192.168.237.185,192.168.237.186,192.168.237.187
1889,Acocomotla,192.168.249.162,192.168.249.169,192.168.249.170,192.168.249.171
2128,Misantla,192.169.1.82,192.169.1.89,192.169.1.90,192.169.1.91
2013,Sebastian Buenos Aires, 192.168.230.18 ,192.168.237.137,192.168.237.138,192.168.237.139
1775,Santa Monica,192.168.237.114,192.168.237.121,192.168.237.122,192.168.237.123
1710,Chichotla,192.168.250.34,192.168.250.41,192.168.250.42,192.168.250.43
1943,Tlapacoyan,192.169.1.2,192.169.1.9,192.169.1.10,192.169.1.11
1127,Panotla,192.168.227.34,192.168.227.41,192.168.227.42,192.168.227.43
1930,Rodriguez Clara,192.169.1.98,192.169.1.105,192.168.1.106,192.168.1.107
1770,San Isidro Boxipe,192.168.237.194,192.168.237.201,192.168.237.202,192.168.237.203
1424,Los Mangos,192.169.0.2,192.169.0.9,192.169.0.10,192.169.0.11
1777,Emilio Portes Gil,192.168.237.98,192.168.237.105,192.168.237.106,192.168.237.107
1427,San Andres Tuxtla,192.169.1.34,192.169.1.41,192.169.1.42,192.169.1.43
1166,Los Llanos,192.168.235.178,192.168.235.185,192.168.235.186,192.168.235.187
2025,Suchitepec,192.168.237.50,192.168.237.57,192.168.237.58,192.168.237.59
1715,La Libertad,192.168.250.18,192.168.250.25,192.168.250.26,192.168.250.27
1519,Cerro Azul,192.169.0.242,192.169.0.249,192.169.0.250,192.169.0.251
1859,San Miguel Coatlan,192.168.245.82,192.168.245.89,192.168.245.90,192.168.245.91
1509,Topeca,192.168.250.178,192.168.250.185,192.168.250.186,192.168.250.187
1264,Carichi,192.168.234.242,192.168.234.249,192.168.234.250,192.168.234.251
1512,Zautla ,192.168.249.146,192.168.249.153,192.168.249.154,192.168.249.155
1975,Coatzintla,192.169.1.114,192.169.1.121,192.169.1.122,192.169.1.123
1194,Huehuetla,192.168.248.146,192.168.248.153,192.168.248.154,192.168.248.155
1333,Hunucma,192.169.1.210,192.169.1.217,192.168.1.218,192.168.1.219
1735,Campo Grande,192.169.0.210,192.169.0.217,192.169.0.218,192.169.0.219
2330,Guaymas,192.169.3.146,192.169.3.153,192.169.3.154,192.169.3.155
1990,Cananea,192.169.3.130,192.169.3.137,192.169.3.138,192.169.3.139
1586,La Libertad,192.168.234.98,192.168.234.105,192.168.234.106,192.168.234.107
1911,Apizaco,192.168.254.82,192.168.254.89,192.168.254.89,192.168.254.90
1646,Asunción Nochixtlán,192.168.246.162,192.168.246.169,192.168.246.170,192.168.246.171
1547,San Juan Atenco,192.168.249.194,192.168.249.201,192.168.249.202,192.168.249.203
1919,Terrenate,192.168.253.242,192.168.253.249,192.168.253.150,192.168.253.151
1420,Aguachinola,192.168.254.194,192.168.254.201,192.168.254.202,192.168.254.203
1733,Colipa,192.169.0.194,192.169.0.201,192.169.0.202,192.169.0.203
1255,Comondu CD Insurgentes,192.168.231.194,192.168.231.201,192.168.231.202,192.168.231.203
1216,Golfo Santa Clara,192.168.252.146,192.168.252.153,192.168.252.154,192.168.252.155
1435,CD Constitucion,192.168.232.50,192.168.232.57,192.168.232.58,192.168.232.59
1946,Yecuatla,192.168.254.242,192.168.254.249,192.168.254.250,192.168.254.251
1159,Guatacala,192.168.252.162,192.168.252.169,192.168.252.170,192.168.252.171
1425,Lerdo de Tejada,192.169.0.18,192.169.0.25,192.169.0.26,192.169.0.27
1915,"Huamantla, Juarez",192.168.254.66,192.168.254.73,192.168.254.74,192.168.254.75
1256,La Paz,192.168.231.210,192.168.231.217,192.168.231.218,192.168.231.219
1154,Emiliano Zapata,192.168.229.2,192.168.229.9,192.168.229.10,192.168.229.11
1922,Tolcatlan,192.168.253.194,192.168.253.201,192.168.253.202,192.168.253.203
1141,Tehuantepec,192.168.228.50,192.168.228.57,192.168.228.58,192.168.228.59
1885,San Juan Amecac,192.168.249.226,192.168.249.233,192.168.249.234,192.168.249.235
1497,Chiautzingo,192.168.248.114,192.168.248.121,192.168.248.122,192.168.248.123
1685,Morro de Mazatan,192.168.246.194,192.168.246.201,192.168.246.202,192.168.246.203
2102,Atzompan,192.168.249.2,192.168.249.9,192.168.249.10,192.168.249.11
1508,Teontepec,192.168.249.82,192.168.249.89,192.168.249.90,192.168.249.91
1274,Cabo San Lucas,192.168.231.242,192.168.231.249,192.168.231.250,192.168.231.251
1276,San Jose del Cabo,192.168.232.34,192.168.232.41,192.168.232.42,192.168.232.43
1884,Magdalena Tetela,192.168.250.2,192.168.250.9,192.168.250.10,192.168.250.11
1437,Sabancuy,192.168.232.114,192.168.232.121,192.168.232.122,192.168.232.123
1559,"Vertientes, La Trinitaria",192.168.233.242,192.168.233.249,192.168.233.250,192.168.233.251
1913,Tequexquitla,192.168.254.50,192.168.254.57,192.168.254.58,192.168.254.59
1923,Tzompantepec,192.168.253.178,192.168.253.185,192.168.253.186,192.168.253.187
1257,Loreto,192.168.231.226,192.168.231.233,192.168.231.234,192.168.231.235
1895,Tepeca,192.168.248.194,192.168.248.201,192.168.248.202,192.168.248.203
1575,Villa Alberto Mulege,192.169.3.162,192.169.3.169,192.169.3.170,192.169.3.171
1416,Soyataco,192.168.252.178,192.168.252.185,192.168.252.186,192.168.252.187
1130,Acacoyagua,192.168.227.130,192.168.227.137,192.168.227.138,192.168.227.139
1415,Recoveco,192.168.251.178,192.168.251.185,192.168.251.186,192.168.251.187
1285,Culiacan Conafor,192.168.252.130,192.168.252.137,192.168.252.138,192.168.252.139
1853,San Dionicio,192.168.245.162,192.168.245.169,192.168.245.170,192.168.245.171
1651,Tlaxiaco San Pedro,192.168.247.98,192.168.247.105,192.168.247.106,192.168.247.107
1675,Lachigalla,192.168.247.34,192.168.247.41,192.168.247.42,192.168.247.43
1258,Guerrero Negro,192.168.232.2,192.168.232.9,192.168.232.10,192.168.232.11
1161,Hopolchen,192.168.232.98,192.168.232.105,192.168.232.106,192.168.232.107
1259,Santa Rosalia,192.168.232.18,192.168.232.25,192.168.232.26,192.168.232.27
1278,Mapimi,192.168.236.146,192.168.236.153,192.168.236.154,192.168.236.155
1891,San Felipe Teotlalcingo,192.168.249.18,192.168.249.25,192.168.249.26,192.168.249.27
1327,Tuxpan Alto Lucero,192.168.230.162,192.168.230.169,192.168.230.170,192.168.230.171
1421,Alvarado,192.169.0.226,192.169.0.233,192.169.0.234,192.169.0.235
1481,La Trinitaria Lázaro Cárdenas,192.168.233.146,192.168.233.153,192.168.233.154,192.168.233.155
1293,Oaxaca Riveras,192.168.247.242,192.168.247.249,192.168.247.250,192.168.247.251
1639,Jonacatepec,192.168.243.50,192.168.243.57,192.168.243.58,192.168.243.59
1160,Nacajuca,192.168.253.82,192.168.253.89,192.168.253.90,192.168.253.91
1653,Huautla,192.168.247.146,192.168.247.153,192.168.247.154,192.168.247.155
1428,Xochiapa,192.169.0.50,192.169.0.57,192.169.0.58,192.169.0.59
1669,San José Chiltepec,192.168.247.66,192.168.247.73,192.168.247.74,192.168.247.75
1404,Acatlan,192.168.247.210,192.168.247.217,192.168.247.218,192.168.247.219
1510,Santa Maria la Alta,192.168.249.34,192.168.249.41,192.168.249.42,192.168.249.43
1933,Miahuantla,192.169.0.82,192.169.0.89,192.168.0.90,192.168.0.91
1184,Polotitlan,192.168.238.66,192.168.238.73,192.168.238.74,192.168.238.75
1372,Calakmul,192.168.232.66,192.168.232.73,192.168.232.74,192.168.232.75
1729,La Trinidad,192.168.251.210,192.168.251.217,192.168.251.218,192.168.251.219
1785,Timilpan,192.168.238.18,192.168.238.25,192.168.238.26,192.168.238.27
2114,Cárdenas,192.168.253.50,192.168.253.57,192.168.253.58,192.168.253.59
1471,Matínez de la Torre,192.169.1.146,192.168.1.153,192.168.1.154,192.168.1.155
1566,Cardenas C 16,192.168.252.194,192.168.252.201,192.168.252.202,192.168.252.203
1751,Zinacatan,192.168.233.66,192.168.233.73,192.168.233.74,192.168.233.75
1750,Paste,192.168.233.98,192.168.233.105,192.168.233.106,192.168.233.107
2027,San Juan Zitlaltepec( zumpango),192.168.229.210,192.168.229.217,192.168.229.218,192.168.229.219
2119,Libertad Tamaulipas,192.168.253.2,192.168.253.9,192.168.253.10,192.168.253.11
1749,Naching,192.168.233.114,192.168.233.121,192.168.233.122,192.168.233.123
1567,Coronel Gregorio,192.168.252.210,192.168.252.217,192.168.252.218,192.168.252.219
1463,San Juan Bautista,192.168.246.114,192.168.246.121,192.168.246.122,192.168.246.123
1595,Tapachula,192.168.234.194,192.168.234.201,192.168.234.202,192.168.234.203
1180,Atlacomulco,192.168.229.162,192.168.229.169,192.168.229.170,192.168.229.171
2182,Cuautepec,192.168.240.162,192.168.240.173,192.168.240.174,192.168.240.175
1125,Hidalgo Tamaulipas,192.168.227.98,192.168.227.105,192.168.227.106,192.168.227.107
1483,Tuxtla Chico,192.168.233.210,192.168.233.217,192.168.233.218,192.168.233.219
1459,Tetecala,192.168.243.146,192.168.243.153,192.168.243.154,192.168.243.155
2115,Miguel  Hidalgo Tabasco,192.168.253.34,192.168.253.41,192.168.253.42,192.168.253.43
1542,Zacapu,192.168.243.2,192.168.243.9,192.168.243.10,192.168.243.11
1578,Soconusco,192.168.234.34,192.168.234.41,192.168.234.42,192.168.234.43
1631,Chilcuautla,192.168.241.18,192.168.241.25,192.168.241.26,192.168.241.27
1714,Santa Maria Coatepec,192.168.250.66,192.168.250.73,192.168.250.74,192.168.250.75
1808,Mixquiahuala,192.168.240.242,192.168.240.249,192.168.240.250,192.168.240.251
1402,Cuernavaca,192.168.243.66,192.168.243.73,192.168.243.74,192.168.243.75
1375,Buenos Aires,192.168.233.162,192.168.233.169,192.168.233.170,192.168.233.171
2185,Michimaloya,192.168.240.178,192.168.240.185,192.168.240.186,192.168.240.187
1482,Pijijilpan ,192.168.233.178,192.168.233.185,192.168.233.186,192.168.233.187
1373,Xpujil ,192.168.232.82,192.168.232.89,192.168.232.90,192.168.232.91
1825,Pajacuaran,192.168.242.82,192.168.242.89,192.168.242.90,192.168.242.91
1587,Carrillo Puerto Campeche,192.168.232.130,192.168.232.137,192.168.232.138,192.168.232.139
1451,Molango Hidalgo,192.168.241.82,192.168.241.89,192.168.241.90,192.168.241.91
1706,Vicente Guerrero,192.168.246.178,192.168.246.185,192.168.246.186,192.168.246.187
1549,Cárdenas Francisco I Madero ,192.168.252.226,192.168.252.233,192.168.252.234,192.168.252.235
1441,Puerto Madero,192.168.234.178,192.168.234.185,192.168.234.186,192.168.234.187
1597,Petaquillas,192.168.240.34,192.168.240.41,192.168.240.42,192.168.240.43
1474,Sucila Yucatan,192.169.2.98,192.169.2.105,192.169.2.106,192.169.2.107
1473,Kaua Yucatan,192.169.2.66,192.169.2.73,192.169.2.74,192.169.2.75
1670,San Bartolo,192.168.247.50,192.168.247.57,192.168.247.58,192.168.247.59
2120,Huimanguillo,192.168.252.242,192.168.252.249,192.168.252.250,192.168.252.251
1288,Guamuchil ISSSTE,192.168.252.98,192.168.252.105,192.168.252.106,192.168.252.107
1244,San Pedro de la Garza,192.168.244.18,192.168.244.25,192.168.244.26,192.168.244.27
1632,Calnali,192.168.241.2,192.168.241.9,192.168.241.10,192.168.241.11
1302,San Pedro Comitancillo,192.168.245.178,192.168.245.185,192.168.245.186,192.168.245.187
1491,Tianguistengo,192.168.238.82,192.168.238.89,192.168.238.90,192.168.238.91
1324,Zimatitlan,192.168.246.66,192.168.246.73,192.168.246.74,192.168.246.75
1438,Escarcega,192.168.232.178,192.168.232.185,192.168.232.186,192.168.232.187
1140,Linares,192.168.228.34,192.168.228.41,192.168.228.42,192.168.228.43
1152,Villa Hermosa,192.168.228.226,192.168.228.233,192.168.228.234,192.168.228.235
1873,Teopoxco,192.168.244.242,192.168.244.249,192.168.244.250,192.168.244.251
1304, Atzompa,192.168.245.210,192.168.245.217,192.168.245.218,192.168.245.219
1478,Champoton,192.168.232.162,192.168.232.169,192.168.232.170,192.168.232.171
1176,Zimapan,192.168.241.66,192.168.241.73,192.168.241.74,192.168.241.75
1883,Villa Diaz Ordaz,192.168.244.162,192.168.244.169,192.168.244.170,192.168.244.171
1868,Santa Cruz Papalutla,192.168.245.18,192.168.245.25,192.168.245.26,192.168.245.27
1747,Escuintla,192.168.234.146,192.168.234.153,192.168.234.154,192.168.234.155
1105,Altamirano,192.168.225.226,192.168.225.233,192.168.225.234,192.168.225.235
1456,San Juanito de Escobedo,192.168.242.2,192.168.242.9,19.168.242.10,19.168.242.11
1667,Telixtlahuaca,192.168.247.114,192.168.247.121,192.168.247.122,192.168.247.123
1413,Costa Rica,192.168.252.2,192.168.252.9,192.168.252.10,192.168.252.11
1846,Sta.Lucia Ocotlan,192.168.245.2,192.168.245.9,192.168.245.10,192.168.245.11
1153,Villahermosa,192.168.228.242,192.168.228.249,192.168.228.250,192.168.228.251
1890,Palmar del Bravo,192.168.249.50,192.168.249.57,192.168.249.58,192.168.249.59
1914,Españita ,192.168.254.34,192.168.254.41,192.168.254.42,192.168.254.43
1838,Barrio San José Morelos,192.168.243.82,192.168.243.89,192.168.243.90,192.168.243.91
1380, Bocoyna San Juanito,192.168.234.226,192.168.234.233,192.168.234.234,192.168.234.235
1128,Sta. Cruz Tlaxcala ,192.168.227.50,192.168.227.57,192.168.227.58,192.168.227.59
1881,Taniche,192.168.244.194,192.168.244.201,192.168.244.202,192.168.244.203
1187,Lazaro Cardenas,192.168.242.66,192.168.242.73,192.168.242.74,192.168.242.75
2166,Ocozocoautla,192.168.233.34,192.168.233.41,192.168.233.42,192.168.233.43
1144,Zacatlan,192.168.228.98,192.168.228.105,192.168.228.106,192.168.228.107
1466,Segalmex,192.168.251.162,192.168.251.169,192.168.251.170,192.168.251.171
1356,Ciudad Fernandez,192.168.229.242,192.168.229.249,192.168.229.250,192.168.229.251
1903,Chinobampo,192.168.251.194,192.168.251.201,192.168.251.202,192.168.251.203
1368,Ario de Rosales,192.168.242.178,192.168.242.185,192.168.242.186,192.168.242.187
2062,Nopala,192.168.240.226,192.168.240.233,192.168.240.234,192.168.240.235
1123,Villamar,192.168.226.242,192.168.226.249,192.168.256.250,192.168.256.251
1453,Pachuca de Soto,192.168.241.98,192.168.241.105,192.168.241.106,192.168.241.107
1454,Progreso de Obregon,192.168.241.114,192.168.241.121,192.168.241.122,192.168.241.123
1477,San Francisco Campeche,192.168.232.146,192.168.232.153,192.168.232.154,192.168.232.155
1236,Actopan,192.168.241.34,192.168.241.41,192.168.241.42,192.168.241.43
1418,Victoria,192.168.253.114,192.168.253.121,192.168.253.122,192.168.253.123
1156,Jaltipan,192.168.229.34,192.168.229.41,192.168.229.42,192.168.229.43
1493,Jiquilpan,192.168.242.210,192.168.242.217,192.168.242.218,192.168.242.219
2028,RANCHO NUEVO DE LA CRUZ,192.168.238.162,192.168.238.169,192.168.238.170,192.168.238.171
1207,SOLEDAD DE GRACIANO SANCHEZ,192.168.230.34,192.168.230.41,192.168.230.42,192.168.230.43
1410,Villa de Ahome,192.168.251.226,192.168.251.233,192.168.251.234,192.168.251.235
1900,Ebano,192.168.251.98,192.168.251.105,192.168.251.106,192.168.251.107
1991,Calkini 2 ,192.168.232.194,192.168.232.201,192.168.232.202,192.168.232.203
1197,San José Chiapa,192.168.250.162,192.168.250.169,192.168.250.170,192.168.250.171
1896,Tepeaca Santiago,192.168.248.178,192.168.248.185,192.168.248.186,192.168.248.187
1920,Tlaxcala Rosario,192.168.253.226,192.168.253.233,192.168.253.234,192.168.253.235
1718,Arista,192.168.250.242,192.168.250.249,192.168.250.250,192.168.250.251
1921,Tlaxco Union Ejidal,192.168.253.210,192.168.253.217,192.168.253.218,192.168.253.219
1414,Escuinapa Solidaridad,192.168.252.34,192.168.252.41,192.168.252.42,192.168.252.43
1540,Tepetitlan ISSSTE,192.168.242.34,192.168.242.41,192.168.242.42,192.168.242.43
1261,Tepic SADER,192.168.243.178,192.168.243.185,192.168.243.186,192.168.243.187
1334,Merida Yucatan,192.169.2.162,192.169.2.169,192.169.2.170,192.169.2.171
1876,Trinidad Zaachila,192.168.244.178,192.168.244.185,192.168.244.186,192.168.244.187
1243,Guadalupe Palacio Fed.,192.168.244.2,192.168.244.9,192.168.244.10,192.168.244.11
1849,Reforma de Pineda,192.168.245.242,192.168.245.249,192.168.245.250,192.168.245.251
2169, Teopisca Betania Chiapas,192.168.232.242,192.168.232.249,192.168.232.250,192.168.232.251
1377,San Cristobal SEDENA,192.168.234.130,192.168.234.137,192.168.234.138,192.168.234.139
1851,San Bartolo Coyotepec,192.168.245.226,192.168.245.233,192.168.245.234,192.168.245.235
1440,San Juan Chamula,192.168.234.18,192.168.234.25,192.168.234.26,192.168.234.27
1902,San Ciro de Acosta,192.168.251.82,192.168.251.89,192.168.251.90,192.168.251.91
1797,Coyuca de Catalan,192.168.240.130,192.168.240.137,192.168.240.138,192.168.240.139
1971,Oteapan,192.169.0.162,192.169.0.169,192.169.0.170,192.169.0.171
1354,Pabellon Arteaga,192.168.231.50,192.168.231.57,192.168.231.58,192.168.231.59
2124,Nanacamilpa,192.168.254.18,192.168.254.25,192.168.254.26,192.168.254.27
1114,Metepec IMSS,192.168.227.66,192.168.227.73,192.168.227.74,192.168.227.75
2100,San Nicolas Puebla,192.168.249.178,192.168.249.185,192.168.249.186,192.168.249.187
1177,Mascota,192.168.229.146,192.168.229.153,192.168.229.154,192.168.229.155
1668,Tlacochahuaya,192.168.247.82,192.168.247.89,192.168.247.90,192.168.247.91
1221,San José de Lourdes,192.169.2.242,192.169.2.249,192.169.2.250,192.169.2.251
2117,Poblado C-17 Independencia,192.168.253.18,192.168.253.25,192.168.253.26,192.168.253.27
1310,Loagalla,192.168.246.2,192.168.246.9,192.168.246.10,192.168.246.11
1840,Zaragoza,192.168.243.210,192.168.243.217,192.168.243.218,192.168.243.219
1400, Ixtlan IMSS,192.168.242.194,192.168.242.201,192.168.242.202,192.168.242.203
1447,Cruz Grande,192.168.240.98,192.168.240.105,192.168.240.106,192.168.240.107
1240,Cadereyta,192.168.243.242,192.168.243.249,192.168.243.250,192.168.243.251
1619,Durango,192.168.237.2,192.168.237.9,192.168.237.10,192.168.237.11
1342,Insurgentes,192.168.231.2,192.168.231.9,192.168.231.10,192.168.231.11
1115,Tepeapulco,192.168.227.82,192.168.227.89,192.168.227.90,192.168.227.91
1442,Lerdo,192.168.236.226,192.168.236.233,192.168.236.234,192.168.236.235
1947,Acanchen Yucatan,192.169.2.146,192.169.2.153,192.168.2.154,192.168.2.155
1228,Paso del Macho,192.169.1.18,192.169.1.25,192.169.1.26,192.169.1.27
1353,Calvillo IMSS,192.168.231.34,192.168.231.41,192.168.231.42,192.168.231.43
2158,Chenalho,192.168.233.50,192.168.233.57,192.168.233.58,192.168.233.59
2199,Santos Reyes Nopala,192.168.244.98,192.168.244.105,192.168.244.106,192.168.244.107
1409,El Saucito,192.168.251.146,192.168.251.153,192.168.251.154,192.168.251.155
1470,Cordoba,192.169.1.130,192.169.1.137,192.168.1.138,192.168.1.139
1839,Ciudad General Teran,192.168.243.226,192.168.243.233,192.168.243.233,192.168.243.234
1287,Juan josé Rios,192.168.252.66,192.168.252.73,192.168.252.74,192.168.252.75
1172, Atlapexco,192.168.240.194,192.168.240.201,192.168.240.202,192.168.240.203
2224,Las Chopas Tancochapa,192.168.254.146,192.168.254.153,192.168.254.154,192.168.254.155
1417,Juamave Contadora,192.168.253.130,192.168.253.137,192.168.253.138,192.168.253.139
2171,Paredon Chiapas,192.168.232.226,192.168.232.233,192.168.232.234,192.168.232.235
1518,San Fernando Tamaulipas,192.168.253.146,192.168.253.153,192.168.253.154,192.168.253.155
1246,Penjamo SADER,192.168.238.242,192.168.238.249,192.168.238.250,192.168.238.251
1431,Temozon,192.169.2.194,192.169.2.201,192.168.2.202,192.168.2.203
1110,Allende IMSS,192.168.226.50,192.168.226.57,192.168.226.58,192.168.226.59
1468,Xicotencatl IMPI, 192.168.230.18 ,192.168.230.25,192.168.230.26,192.168.230.27
1893,San Nicolas Buenos Aires,192.168.248.210,192.168.248.217,192.168.248.18,192.168.248.19
1245,Irapuato SADER,192.168.238.194,192.168.238.201,192.168.238.202,192.168.238.203
1249,Ensenada SAT,192.168.231.82,192.168.231.89,192.168.231.90,192.168.231.91
1917,San Lucas Tecopilco,192.168.254.2,192.168.254.9,192.168.254.10,192.168.254.11
1932,Macayapan,192.169.0.98,192.169.0.105,192.169.0.106,192.169.0.107
1464,Puerto Escindido,192.168.248.50,192.168.248.57,192.168.248.58,192.168.248.59
1367,Zapotlan del Rey,192.168.242.50,192.168.242.57,192.168.242.58,192.168.242.59
1721,Tanlajas ,192.168.251.130,192.168.251.137,192.168.251.138,192.168.251.139
2177,Cuahutemoc Chiapas,192.168.232.210,192.168.232.217,192.168.232.218,192.168.232.219
2116,Gral. Lazaro Cardenas,192.168.253.66,192.168.253.73,192.168.253.74,192.168.253.75
1116,Ixtlahuacan de los Membrillos,192.168.226.114,192.168.226.121,192.168.226.122,192.168.226.123
1852,SAN CRISTOBAL AMATLAN,192.168.245.194,192.168.245.201,192.168.245.202,192.168.245.203
1433,TIZIMIN,192.169.2.226,192.169.2.233,192.169.2.234,192.169.2.235
1593,Franciscon Sarabia,192.168.234.66,192.168.234.73,192.168.234.74,192.168.234.75
1822,Pastor Ortiz,192.168.242.98,192.168.242.105,192.168.242.106,192.168.242.107
2225,El Laurel,192.168.254.130,192.168.254.137,192.168.254.138,192.168.254.139
1362,Ciudad Armeira,192.168.236.50,192.168.236.57,192.168.236.58,192.168.236.59
1174,Huejotzingo Los Zauces,192.168.240.210,192.168.240.217,192.168.245.194,192.168.245.195
1594,Solayo Cabecera,192.168.234.50,192.168.234.57,192.168.234.58,192.168.234.59
1360,Guerrero Chihuahua,192.168.230.50,192.168.230.57,192.168.230.58,192.168.230.59
1520,Lomas de Barrillas,192.168.254.226,192.168.254.232,192.168.254.233,192.168.254.234
1173,Huejutla de Reyes,192.168.241.50,192.168.241.57,192.168.241.58,192.168.241.59
1279,Villa Union,192.168.236.194,192.168.236.201,192.168.236.202,192.168.236.203
1515,Carrillo Puerto SCT,192.168.251.50,192.168.251.57,192.168.251.58,192.168.251.59
1336,Ticul Via Muna,192.169.2.210,192.169.2.217,192.169.2.218,192.169.2.219
1151,Cardenas SADER,192.168.228.210,192.168.228.217,192.168.228.218,192.168.228.219
1862,Huixtepec,192.168.245.66,192.168.245.73,192.168.245.74,192.168.245.75
1713,San Miguel Canoa,192.168.250.82,192.168.250.89,192.168.250.90,192.168.250.91
1205,San Juan del Rio,192.168.251.2,192.168.251.9,192.168.251.10,192.168.251.11
1987,Gran Morelos,192.168.235.50,192.168.235.57,192.168.235.58,192.168.235.59
1514,Chetumal SCT,192.168.251.66,192.168.251.73,192.168.251.74,192.168.251.75
2089,Donaji ,192.168.246.50,192.168.246.57,192.168.246.58,192.168.246.59
1550,Macuspana,192.168.253.98,192.168.253.105,192.168.253.104,192.168.253.105
1343,Parque Villa Juarez,192.168.231.18,192.168.231.25,192.168.231.26,192.168.231.27
1739,Tacoalache,192.169.3.82,192.169.3.89,192.169.3.90,192.169.3.91
2226,Angel R. Cabada,192.168.254.114,192.168.254.121,192.168.254.122,192.168.254.123
2149,Yaxcaba,192.169.1.162,192.169.1.169,192.169.1.180,192.169.1.181
2138,Hocaba,192.169.2.50,192.169.2.57,192.169.2.58,192.169.2.59
1467,Soto la Mariana,192.168.253.162,192.168.253.169,192.168.253.170,192.168.253.171
1845,Santa Lusia del Camino,192.168.248.34,192.168.248.41,192.168.248.42,192.168.248.43
1583,Huitiupan,192.168.234.82,192.168.234.89,192.168.234.90,192.168.234.91
1928,Coacotla,192.169.0.178,192.169.0.185,192.168.0.186,192.168.0.187
1843,Cruz Blanca,192.168.246.98,192.168.246.105,192.168.246.106,192.168.246.107
1875,Magdalena Apasco,192.168.246.82,192.168.246.89,192.168.246.90,192.168.246.91
1516,Estación Bamoa,192.168.252.50,192.168.252.57,192.168.252.58,192.168.252.59
1283,Suchil,192.168.236.210,192.168.236.217,192.168.236.218,192.168.236.219
1605,Guelatao de Juarez,192.168.247.2,192.168.247.9,192.168.247.10,192.168.247.11
1490,Colotlan,192.168.241.130,192.168.241.137,192.168.241.138,192.168.241.139
1857,Texmelucan,192.168.245.98,192.168.245.105,192.168.245.106,192.168.245.107
1618,Cuencame de Ceniceros,192.168.236.242,192.168.236.249,192.168.236.250,192.168.236.251
1666,San Felipe Jalapa de Diaz,192.168.247.130,192.168.247.137,192.168.247.138,192.168.247.139
2189,San Antonino,192.168.244.82,192.168.244.89,192.168.244.90,192.168.244.91
1227,Carrillo Puerto,192.168.254.210,192.168.254.217,192.169.254.218,192.169.254.219
1406,Chihuitan,192.168.246.18,192.168.246.25,192.168.246.26,192.168.246.27
1513,Bacalar Centro,192.168.251.34,192.168.251.41,192.168.251.42,192.168.251.43
1120,COAHUAYANA DE HIDALGO,192.168.226.194,192.168.226.201,192.168.226.202,192.168.226.203
1476,Mexicali Ejido,192.168.231.162,192.168.231.169,192.168.231.170,192.168.231.171
1925,Nopaltepec,192.169.0.66,192.169.0.73,192.168.0.74,192.168.0.75
1938,Omealca ,192.169.1.50,192.169.1.57,192.169.1.58,192.169.1.59
1210,Villa de Reyes Nuevo,192.168.230.2,192.168.230.9,192.168.230.10,192.168.230.11
1224,Morelia Periferico,192.168.242.226,192.168.242.233,192.168.242.234,192.168.242.235
1361,Madero,192.168.235.226,192.168.235.233,192.168.235.234,192.168.235.235
1988,Ocampo  Basaseachi,192.168.235.66,192.168.235.73,192.168.235.74,192.168.235.75
1461,Anahuac,192.168.244.34,192.168.244.41,192.168.244.42,192.168.244.43
1292,PORFIRIO DIAZ,192.168.247.226,192.168.247.233,192.168.247.234,192.168.247.235
1941,Morelos,192.169.0.34,192.169.0.41,192.169.0.42,192.169.0.43
1801,Xalpatlahuac,192.168.239.194,192.168.239.201,192.168.239.202,192.168.239.203
1953,Calera,192.169.3.66,192.169.3.73,192.169.3.74,192.169.3.75
2227,TATAHUICAPAN,192.168.254.98,192.168.254.105,192.168.254.106,192.168.254.107
1338,León Villas San Juan,192.168.239.98,192.168.239.105,192.168.239.106,192.168.239.107
1411,El Carrizo Ahome,192.168.251.242,192.168.251.249,192.168.251.250,192.168.251.251
1939,Loma Grande ,192.169.0.114,192.169.0.121,192.169.0.122,192.169.0.123
1837,Temoac ,192.168.243.18,192.168.243.25,192.168.243.26,192.168.243.27
2211,Hidalgotitlan,192.168.254.162,192.168.254.169,192.168.254.170,192.168.254.171
1864,SAN PEDRO AMUZGOS OAXACA,192.168.245.50,192.168.245.57,192.168.245.58,192.168.245.59
1487,SAN DIEGO DE LA UNION NUEVO,192.168.239.18,192.168.239.25,192.168.239.26,192.168.239.27
1874,ASTATA,192.168.244.226,192.168.244.233,192.168.244.234,192.168.244.235
1335,OXKUTZCAB YUCATAN,192.169.2.178,192.168.2.185,192.169.2.186,192.169.2.187
1736,ZIHUATANEJO DE AZUETA,192.168.240.146,192.168.240.153,192.168.240.154,192.168.240.155
1384,Sabinas,192.168.236.18,192.168.236.25,192.168.236.26,192.168.236.27
1948,Celestun,192.169.2.114,192.169.2.121,192.169.2.122,192.169.2.123
2168,RAYMUNDO ENRIQUEZ CHIAPAS,192.168.233.2,192.168.233.9,192.168.233.10,192.168.233.11
1214,SINALOA DE LEYVA,192.168.252.114,192.168.252.121,192.168.252.122,192.168.252.123
1133,"VILLA FLORES, ISSSTE",192.168.227.178,192.168.227.185,192.168.227.186,192.168.227.187
1661,YATARENI,192.168.248.82,192.168.248.89,192.168.248.90,192.168.248.91
1802,XOCHIHUEHUETLAN,192.168.239.162,192.168.239.169,192.168.239.170,192.168.239.171
1355,CEDRAL CETIS,192.168.230.178,192.168.230.185,192.168.230.186,192.168.230.187
1232,Colima SCT,192.168.236.66,192.168.236.73,192.168.236.74,192.168.236.75
1759,MEZQUITAL,192.168.236.178,192.168.236.185,192.168.236.186,192.168.236.187
1949,KINCHIL,192.169.2.34,192.169.2.41,192.169.2.42,192.169.2.43
2036,POTREROS,192.168.238.146,192.168.238.153,192.168.238.154,192.168.238.155
1705,TECPAN DE GALEANA,192.168.240.18,192.168.240.25,192.168.240.26,192.168.240.27
1171,VILLA DE ALVAREZ,192.168.236.130,192.168.236.137,192.168.236.138,192.168.236.139
2212,HUEYAPAN VERACRUZ,192.168.254.178,192.168.254.185,192.168.254.186,192.168.254.187
1148,"CHOIX, TELECOM",192.168.228.162,192.168.228.169,192.168.228.170,192.168.228.171
1178,Ojuelos,192.168.241.178,192.168.241.185,192.168.241.186,192.168.241.187
1282,Sta. Clara Durango,192.168.236.162,192.168.236.169,192.168.236.170,192.168.236.171
1136,Yahualica ,192.168.227.226,192.168.227.233,192.168.227.234,192.168.227.235
1253,Tijuana,192.168.231.178,192.168.231.185,192.168.231.186,192.168.231.187
1527,Palenque CBTA,192.168.234.162,192.168.234.169,192.168.234.170,192.168.234.171
2145,Telchac,192.169.1.226,192.169.1.233,192.169.1.234,192.169.1.235
1132,Tuxtla Gutierrez ISSSTE,192.168.227.162,192.168.227.169,192.168.227.170,192.168.227.171
1385,Empalme Escobedo,192.168.238.178,192.168.238.185,192.168.238.185,192.168.238.186
1629,Nazareno,192.168.248.98,192.168.248.105,192.168.248.106,192.168.248.107
2191,Jicayan,192.168.244.146,192.168.244.153,192.168.244.154,192.168.244.155
2162,Rincon Chamula,192.168.233.18,192.168.233.25,192.168.233.26,192.168.233.27
1328,Frontera Hidalgo,192.168.233.130,192.168.233.137,192.168.233.138,192.168.233.139
2134,Cansahcab,192.169.2.130,192.169.2.137,192.169.2.138,192.169.2.139
1539,Talpa de Allende,192.168.242.18,192.168.242.25,192.168.242.26,192.168.242.27
1955,Gral. Enrique Estrada,192.169.20.18,192.169.20.25,192.169.20.26,192.169.20.27
1954,Cañitas,192.169.3.50,192.169.3.57,192.169.3.58,192.169.3.59
1964,Sain Alto,192.169.3.18,192.169.3.25,192.169.3.26,192.169.3.27
1951,Teya,192.169.1.194,192.169.1.201,192.169.1.202,192.169.1.203
1640,Jala,192.168.243.194,192.168.243.201,192.168.243.202,192.168.243.203
1488,Eduardo Neri Xochipala,192.168.239.178,192.168.239.185,192.168.239.186,192.168.239.187
2196,Maria Zacatepec,192.168.244.130,192.168.244.137,192.168.244.138,192.168.244.139
1211,El Fuerte,192.168.252.18,192.168.252.25,192.168.252.26,192.168.252.27
2142,Tahmek,192.169.1.242,192.169.1.249,192.169.1.250,192.169.1.251
1370,Ensenada el Porvenir,192.168.231.98,192.168.231.105,192.168.231.106,192.168.231.107
2198,Jamiltepec Miramar,192.168.244.114,192.168.244.121,192.168.244.122,192.168.244.123
1371,Ensenada el Sauzal,192.168.231.114,192.168.231.121,192.168.231.122,192.168.231.123
1756,Saltillo SEDENA, 192.168.236.34,192.168.236.41,192.168.236.42,192.168.236.43
2230,Ciudad Axpaxtla,192.168.239.146,192.168.239.153,192.168.239.154,192.168.239.155
1365,La Huerta,192.168.241.162,192.168.241.169,192.168.241.170,192.168.241.171
1363,Chapala,192.168.241.210,192.168.241.217,192.168.241.218,192.168.241.219
1950,Seyé,192.169.2.2,192.169.2.9,192.1269.2.10,192.1269.2.11
1496,San Pedro Tapanatepec,192.168.248.18,192.168.248.25,192.168.248.26,192.168.248.27
1269,Punta Colonet,192.168.231.66,192.168.231.73,192.168.231.74,192.168.231.75
1793,Ajuchitlán del Progreso,192.168.240.2,192.168.240.9,192.168.240.10,192.168.240.11
1484,Tzimol,192.168.233.226,192.168.233.233,192.168.233.234,192.168.233.235
2147,Valladolid,192.169.1.178,192.169.1.185,192.169.1.186,192.169.1.187
1396,Jiquipilco SADER,192.168.229.178,192.168.229.185,192.168.229.186,192.168.229.187
1494,Venustiano Carranza,192.168.242.242,192.168.242.249,192.168.242.250,192.168.242.251
1961,Moyahua de Estrada,192.169.3.34,192.169.3.41,192.169.3.42,192.169.3.43
1803,Zapotitlan  Tablas,192.168.240.82,192.168.240.89,192.168.240.90,192.168.240.91
1168,Comala del Pedregal,192.168.236.82,192.168.236.89,192.168.236.90,192.168.236.91
1270,Mexicali Guadalupe Victoria,192.168.231.130,192.168.231.137,192.168.231.138,192.168.231.139
1879,Tepuxtepec,192.168.244.210,192.168.244.217,192.168.244.218,192.168.244.219
1649,Cosalapa,192.169.16.2,192.169.16.9,192.169.16.10,192.169.16.11
1212,Mazatlan,192.168.252.82,192.168.252.89,192.168.252.90,192.168.252.91
1650,Huajuapan la Merced,192.169.16.82,192.169.16.89,192.169.82.90,192.169.82.91
1581,Chahuites,192.169.15.178,192.168.15.185,192.169.15.186,192.169.15.187
1364,Cihuatlán,192.168.241.146,192.168.241.153,192.168.241.154,192.168.241.155
1460,Zacatepec San Nicolas,192.168.243.162,192.168.243.169,192.168.243.170,192.168.243.171
1565,Badiraguato,192.169.13.146,192.169.13.153,192.169.13.154,192.169.13.155
1277,Guadalupe Victoria,192.169.14.2,192.169.14.9,192.169.14.10,192.169.14.11
1272,Mexicali Nvo. León,192.168.231.146,192.168.231.153,192.168.231.154,192.168.231.155
1485,Morelos Diconsa,192.168.235.242,192.168.235.249,192.168.235.250,192.168.235.251
1231,Tierra Blanca,192.169.13.2,192.169.13.9,192.169.13.10,192.169.13.11
1167,Castaños,192.168.235.210,192.168.235.217,192.168.235.218,192.168.235.219
1457,El Limon,192.168.241.242,192.168.241.249,192.168.241.250,192.168.241.251
1229,Motzorongo,192.169.12.242,192.169.12.249,192.169.12.250,192.169.12.251
1823,Tungareo,192.169.19.178,192.169.19.185,192.169.19.186,192.169.19.187
1131,El Parral,192.168.227.146,192.168.227.153,192.168.227.154,192.168.227.155
1564,Cuautla Palmas,192.168.243.114,192.168.243.121,192.168.243.122,192.168.243.123
1924,Atoyac,192.169.18.210,192.169.18.217,192.169.18.218,192.169.18.219
1833,Chamilpa,192.168.243.130,192.168.243.137,192.168.243.138,192.168.243.139
1450,Ixtapa,192.168.240.50,192.168.240.57,192.168.240.58,192.168.240.59
1219,Frenillo,192.169.11.98,192.169.11.105,192.169.11.106,192.169.11.107
2202,San Miguel Zapotitlán,192.169.24.242,192.169.24.249,192.169.24.250,192.169.24.251
1374,Chilon ,192.168.233.82,192.168.233.89,192.168.233.90,192.168.233.91
1265,GUACHOCHI,192.168.229.66,192.168.229.73,192.168.229.74,192.168.229.75
1761,El Salto,192.169.22.82,192.169.22.89,192.169.22.90,192.169.22.91
1150,Etchojoa DICONSA,192.168.228.194,192.168.228.201,192.168.228.202,192.168.228.203
1620,Panuco Fco I Madero,192.169.16.242,192.169.16.249,192.169.16.250,192.169.16.251
1804,Atotonilco de Tula,192.169.15.242,192.169.15.249,192.169.15.250,192.169.15.251
1617,Catalan,192.169.15.146,192.169.15.153,192.169.15.154,192.169.15.155
1412,Nautica,192.169.12.18,192.169.12.25,192.169.12.26,192.169.12.27
2180,Peñon Blanco,192.169.24.210,192.169.24.217,192.169.24.218,192.169.24.219
1548,Álamos,192.169.9.226,192.169.9.233,192.169.9.234,192.169.9.235
1284,Higuera de Zaragoza,192.169.10.146,192.169.10.153,192.169.10.154,192.169.10.155
1235,Manzanillo SEMAR,192.168.236.98,192.168.236.105,192.168.236.106,192.168.236.107
1752,Aquiles Serdan,192.168.235.34,192.168.235.41,192.168.235.42,192.168.235.43
1326,Villa Emiliano Zapata,192.169.11.66,192.169.11.73,192.169.11.74,192.169.11.75
1429,Sayula,192.169.12.178,192.169.12.185,192.169.12.186,192.169.12.187
1262,Pericos,192.169.12.50,192.169.12.57,192.169.12.58,192.169.12.59
1869,Arrazola,192.169.23.2,192.169.23.9,192.169.23.10,192.169.23.11
1726,Chinitos,192.169.15.82,192.169.15.89,192.169.15.70,192.169.15.71
1972,Actopan Sn. Carlos,192.169.13.114,192.169.13.121,192.169.13.122,192.169.13.123
1836,Puente de Ixtla,192.168.243.98,192.168.243.105,192.168.243.106,192.168.243.107
2140,Panaba,192.169.2.18,192.169.2.25,192.169.2.26,192.169.2.27
2197,Pinotepa,192.169.24.226,192.169.24.233,192.169.24.234,192.169.24.235
1647,Putla,192.168.247.194,192.168.247.201,192.168.247.202,192.168.247.203
1601,Parral SEDENA,192.169.16.98,192.169.16.105,192.169.16.106,192.169.16.107
2229,Sierra Guadalupe y Calvo,192.168.234.210,192.168.234.217,192.168.234.218,192.168.234.219
1381,Madera,192.169.11.194,192.169.11.201,192.169.11.202,192.169.11.203
1170,Cerro de Ortega,192.168.236.114,192.168.236.121,192.169.236.122,192.169.236.123
1124,Ciudad Mier SEDENA,192.168.227.18,192.168.227.25,192.168.227.26,192.168.227.27
1637,Manuel Ojinaga ,192.169.16.210,192.169.16.217,192.169.16.218,192.169.16.219
1755,Santa Isabel Chihuahua,192.169.23.18,192.169.23.25,192.168.23.26,192.168.23.27
1557,Muzquiz,192.168.236.2,192.168.236.9,192.168.236.10,192.168.236.11
2357,Narciso Bassols,192.169.6.162,192.169.6.176,192.169.6.177,192.169.6.178
2067,Churumuco SADER,192.168.242.114,192.168.242.121,192.168.242.122,192.168.242.123
2371,Industrial Puerto Aéreo,192.169.9.66,192.169.9.80,192.169.9.81,192.169.9.82
1149,El Dotrado ISSSTE,192.168.228.178,192.168.228.185,192.168.228.186,192.168.228.187
2351,Coyoacan 3,192.169.5.162,192.169.5.176,192.169.5.177,192.169.5.178
2356,Zacatenco,192.169.6.130,192.169.6.144,192.169.6.145,192.169.6.146
2354,Roma Norte,192.169.6.2,192.169.6.16,192.169.6.17,192.169.6.18
1863,Mitla,192.169.22.226,192.169.22.233,192.169.22.234,192.169.22.235
1408,Queretaro ,192.168.251.18,192.168.251.25,192.168.251.26,192.168.251.27
1725,Los Mochis,192.169.10.34,192.169.10.41,192.169.10.42,192.169.10.43
1935,Las Trancas,192.169.20.2,192.169.20.9,192.169.20.10,192.169.20.11
1286,"2 de Abril, El Fuerte",192.169.11.50,192.169.11.57,192.169.11.58,192.169.11.59
1469,Alto Lucero,192.169.9.242,192.169.9.249,192.169.9.250,192.169.9.251
1821,Lombardia ,192.169.22.162,192.169.22.169,192.169.22.170,192.169.22.171
2372,Venustiano Carranza 2,192.169.9.98,192.169.9.112,192.169.9.113,192.169.9.114
1830,Angahuan,192.168.242.162,192.168.242.169,192.168.242.170,192.168.242.171
1434,Pozo de Gamboa IMSS,192.169.3.2,192.169.3.9,192.169.3.10,192.169.3.11
2353,Roma Sur,192.169.5.226,192.169.5.240,192.169.5.241,192.169.5.242
2355,Nueva Industrial Vallejo,192.169.6.98,192.169.6.112,192.169.6.113,192.169.6.114
2082,Numaran Michoacan,192.169.21.242,192.169.21.249,192.169.21.250,192.169.21.251
2358,Loma la Palma,192.169.6.194,192.169.6.208,192.169.6.209,192.169.6.210
2350,Canal Nacional,192.169.5.98,192.169.5.112,192.169.5.113,192.169.5.114
2281,Tlaltizapan de Zapata ,192.169.26.82,192.169.26.89,192.169.26.90,192.169.26.91
2277,Chinameca,192.169.26.34,192.169.26.41,192.169.26.42,192.169.26.43
2278,Coatetelco,192.169.26.50,192.169.26.57,192.169.26.58,192.169.26.59
1401,Coatlan del Rio,192.169.10.242,192.169.10.249,192.169.10.250,192.169.10.251
1704,Teotitlan,192.168.248.66,192.169.248.73,192.169.248.74,192.169.248.75
1606,San Francisco,192.169.17.82,192.169.17.89,192.169.17.90,192.169.17.91
1974,Emilio Carranza,192.169.16.66,192.169.16.73,192.169.16.74,192.169.16.75
2205,Leopoldo Sanchez,192.169.25.2,192.169.25.9,192.169.25.10,192.169.25.11
1753,Matachi,192.168.235.18,192.168.235.25,192.168.235.26,192.168.235.27
1448,Alatamirano,192.168.240.114,192.168.240.121,192.168.240.122,192.168.240.123
1816,Charapan,192.168.242.130,192.168.242.137,192.168.242.138,192.168.242.139
1985,Ocotzingo,192.168.234.114,192.168.234.121,192.168.234.122,192.168.234.123
1423,Socosnusco,192.169.12.194,192.169.12.201,192.169.12.202,192.169.12.203
1727,Adolfo Ruiz Cortinez,192.169.10.18,192.169.10.25,192.169.10.26,192.169.10.27
1419,Acula,192.169.10.114,192.169.10.121,192.169.10.122,192.169.10.123
2135,Cenotillo,192.169.2.82,192.169.2.89,192.169.2.90,192.169.2.91
1927,Cosoleacaque,192.169.19.210,192.169.19.217,192.169.19.218,192.169.19.219
1561,Ameca Jalisco,192.168.241.194,192.168.241.201,192.168.241.202,192.168.241.203
1655,Loma Bonita,192.169.15.18,192.169.15.25,192.169.15.26,192.169.15.27
1223,Sombrerete,192.169.12.210,192.169.12.217,192.169.12.218,192.169.12.219
1905,Mocorito,192.169.21.210,192.169.21.217,192.169.21.218,192.169.21.219
1827,Purepero,192.169.22.98,192.169.22.105,192.169.22.106,192.169.22.107
1730,San Pedro Navolato,192.169.16.194,192.169.16.201,192.169.16.202,192.169.16.203
2170,Teopisca,192.169.30.18,192.169.30.25,192.169.30.26,192.169.30.27
1625,Las Margaritas,192.169.27.98,192.169.27.105,192.169.27.106,192.169.27.107
1528,Chulolja Barrio Cancuc,192.168.234.2,192.168.234.9,192.168.234.10,192.168.234.11
2161,Ixtapa Chiapas,192.169.29.242,192.169.29.249,192.169.29.250,192.169.29.251
1521,Goroztiza Centro,192.169.10.210,192.169.10.217,192.169.10.218,192.169.10.219
2063,Aporo,192.168.242.146,192.168.242.153,192.168.242.154,192.168.242.155
2043,Alcozahuaca de Guerrero,192.168.239.242,192.168.239.249,192.169.239.250,192.169.239.251
1757,Torreon  Sedena ,192.169.24.2,192.169.24.9,192.169.24.10,192.169.24.11
1986,"San Buena Aventura, SEGALMEX",192.169.15.114,192.169.15.121,192.169.15.122,192.169.15.123
1222,Rio Grande Sedena,192.169.12.114,192.169.12.121,192.169.12.122,192.169.12.123
1956,Nieves ,192.169.20.34,192.169.20.41,192.169.20.42,192.169.20.43
2378,Ajusco,192.169.5.66,192.169.5.80,192.169.5.81,192.169.5.82
2638,Villa Olimpica ,192.169.39.226,192.169.39.233,192.169.39.234,192.169.39.235
2380,San Juan de Aragon,192.169.6.34,192.169.6.48,192.169.6.49,192.169.6.50
2381,Magdalena de las Salinas ,192.169.6.66,192.196.6.80,192.196.6.81,192.196.6.82
1590,Cuarteles,192.169.15.210,192.169.15.217,192.169.15.218,192.169.15.219
2495,Paticajo,192.169.32.242,192.169.32.249,192.169.32.250,192.169.32.251
2150,Plateros SEDENA,192.169.20.50,192.169.20.57,192.169.20.58,192.169.20.59
2305,Las Parras,192.169.34.2,192.169.34.9,192.169.34.10,192.169.34.11
1616,Zaragoza ,192.169.18.130,192.169.18.137,192.169.18.138,192.169.18.139
2373,Vicam,192.169.26.18,192.169.26.25,192.169.26.26,192.169.26.27
1906,Hermosillo GN,192.169.20.114,192.169.20.121,192.169.20.122,192.169.20.123
2310,Bacobampo,192.169.34.178,192.169.34.185,192.169.34.186,192.169.34.187
2312,Villa Benito Juarez ,192.169.34.130,192.169.34.137,192.169.34.138,192.169.34.139
1613,Frontera las Palmas,192.169.27.114,192.169.27.121,192.169.27.122,192.169.27.123
2113,Cajeme C..D. Obregon ,192.169.29.50,192.169.29.57,192.169.29.58,192.169.29.59
2266,San Ignacio Rio Muerto ,192.169.33.82,192.169.33.89,192.169.33.90,192.169.33.91
2201,Topolobampo,192.169.30.210,192.169.30.217,192.169.30.218,192.169.30.219
2207,Guasave ,192.169.30.226,192.169.30.233,192.169.30.234,192.169.30.235
2379,Del Carmen Coyoacan ,192.169.5.130,192.169.5.144,192.169.5.145,192.169.5.146
1572,Villa Ahumada ,192.169.15.34,192.169.15.41,192.169.15.42,192.169.15.43
1745,Asientos Aguascalientes ,192.169.26.242,192.169.26.249,192.169.26.250,192.169.26.251
1892,Texmelucan,192.168.248.242,192.168.248.249,192.168.248.250,192.168.248.251
2394,Tomelopez ,192.169.31.146,192.169.31.153,192.169.31.154,192.169.31.155
2469,Namiquipa,192.169.32.210,192.169.32.217,192.169.32.218,192.169.32.219
1188,Tuxpan ,192.168.230.146,192.168.230.153,192.168.230.154,192.168.230.155
1907,Ures,192.169.24.82,192.169.24.89,192.169.24.90,192.169.24.91
1744,Ojo Caliente ,192.169.26.226,192.169.26.233,192.169.26.234,192.169.26.235
1888,Huejotzingo Xalmimilulco,192.169.26.146,192.169.26.153,192.169.26.154,192.169.26.155
2475,Mochicahui,192.169.38.114,192.169.38.121,192.169.38.122,192.169.38.123
1455,El Arenal ,192.168.241.226,192.168.241.233,192.168.241.234,192.168.241.235
2434,El Tamarindo ,192.169.36.146,192.169.36.153,192.169.36.154,192.169.36.155
2486,Nuevo Ideal,192.169.26.178,192.169.26.185,192.169.26.186,192.169.26.187
2328,Culiacancito,192.169.36.162,192.169.36.169,192.169.36.170,192.169.36.171
2282,Lampazos ,192.169.31.242,192.169.31.249,192.169.31.250,192.169.31.251
2393,Tancol-Chariel ,192.169.31.34,192.169.31.41,192.169.31.42,192.169.31.43
2780, Acayucan,192.169.44.162,192.169.44.169,192.169.44.170,192.169.44.171
2346,Cuanala,192.169.36.50,192.169.36.57,192.169.36.58,192.169.36.59
2502,Quila,192.169.34.98,192.169.34.105,192.169.34.106,192.169.34.107
1422,Chacaltianguis,192.169.10.194,192.169.10.201,192.169.10.202,192.169.10.203
2339,Paracho ,192.169.33.2,192.169.33.8,192.169.33.9,192.169.33.10
2603,Coapilla ,192.169.40.146,192.169.40.153,192.169.40.154,192.169.40.155
2488,Apaseo el Alto ,192.169.31.162,192.169.31.169,192.169.31.170,192.169.31.171
2399,Juxtlahuaca,192.169.32.34,192.169.32.41,192.169.32.42,192.169.32.43
2465,Gomez Farias ,192.169.38.2,192.169.38.9,192.169.38.10,192.169.38.11
2173,El Jobo ,192.169.40.2,192.169.40.9,192.169.40.10,192.169.40.11
2451,Santa Ana Nichi ,192.169.37.130,192.169.37.137,192.169.37.138,192.169.37.139
2570,Buenavista de Cuellar,192.169.41.2,192.169.41.9,192.169.41.10,192.169.41.11
2084,Patzcuaro,192.169.28.162,192.169.28.169,192.169.28.170,192.169.28.171
1819,Chilchota,192.169.19.82,192.169.19.89,192.169.19.90,192.169.19.91
2541,Reyes Etla ,192.169.39.50,192.169.39.57,192.169.39.58,192.169.39.59
2187,Ruiz de Nayarit,192.169.30.130,192.169.30.137,192.169.30.138,192.169.30.139
1529,Gomez Palacio,192.169.26.210,192.169.26.217,192.169.26.218,192.169.26.219
2284,San Lorenzo Cacaotepec,192.169.32.2,192.169.32.9,192.169.32.10,192.169.32.11
2481,San Felipe Aztatan,192.169.30.162,192.169.30.169,192.169.30.170,192.169.30.171
2303,Tapachula,192.169.40.114,192.169.40.121,192.169.40.122,192.169.40.123
2193,San Pedro,192.169.42.50,192.169.42.57,192.169.42.58,192.169.42.59
2262,El Saucillo,192.169.32.226,192.169.32.233,192.169.32.234,192.169.32.235
2503,Heroica Caborca,192.169.34.146,192.169.34.153,192.169.34.154,192.169.34.155
2078,Tarimbaro,192.169.41.226,192.169.41.233,192.169.41.234,192.169.41.235
2539,Acaponeta,192.169.39.18,192.169.39.25,192.169.39.26,192.169.39.27
2296,Nogales,192.169.32.130,192.169.32.137,192.169.32.138,192.169.32.139
2474,Angostura ,192.169.38.82,192.169.38.89,192.169.38.90,192.169.38.91
2516,El Mante ,192.169.36.178,192.169.36.185,192.169.36.186,192.169.36.187
2468,Solidaridad Papasquiaro,192.169.38.18,192.169.38.25,192.169.38.26,192.169.38.27
2118,Cunduacan,192.169.44.98,192.169.44.105,192.169.44.106,192.169.44.107
1724,Villa de Arista DAMI,192.169.43.226,192.169.43.233,192.169.43.234,192.169.43.235
2528,Angostura la Reforma,192.169.38.98,192.169.38.105,192.169.38.106,192.169.38.107
2022,San Bernardino ,192.169.41.178,192.169.41.185,192.169.41.186,192.169.41.187
2604,San Francisco Pujiltic,192.169.40.162,192.169.40.169,192.169.40.170,192.169.40.171
2491,Xalisco,192.169.31.226,192.169.31.233,192.169.31.234,192.169.31.235
1190,Cacahuatepec,192.168.245.130,192.168.245.137,192.168.245.138,192.168.245.139
2344,Sta. Maria Amajac,192.169.41.66,192.169.41.73,192.169.41.74,192.169.41.75
2496,Tarimbaro,192.169.33.18,192.169.33.25,192.169.33.26,192.169.33.27
1688,Sta Catarina,192.168.246.226,192.168.246.233,192.168.246.234,192.168.246.235
1815,Constitucion de 1917,192.169.28.50,192.169.28.57,192.169.28.58,192.169.28.59
2679,Santiago Alseseca,192.169.42.130,192.169.42.137,192.169.42.138,192.169.42.139
2538,Ahuacatlan,192.169.39.2,192.169.39.9,192.169.39.10,192.169.39.11
2628,Amatitlan,192.169.44.178,192.169.44.185,192.169.44.186,192.169.44.187
2245,Julian Grajales,192.169.40.50,192.169.40.57,192.169.40.58,192.169.40.59
1742,Miguel Auza,192.169.16.178,192.169.16.185,192.169.16.186,192.169.16.187
2004,Primero de Mayo,192.169.41.114,192.169.41.123,192.169.41.122,192.169.41.123
1826,Panindicuaro,192.169.51.210,192.169.51.217,192.169.51.218,192.169.51.219
2480,Compostela,192.169.30.146,192.169.30.153,192.169.30.154,192.169.30.155
2271,Pajapan,192.169.44.130,192.169.44.137,192.169.44.138,192.169.44.139
2416,Jardin Principal ,192.169.40.226,192.169.40.233,192.169.40.234,192.169.40.235
2623,Azumbilla ,192.169.43.18,192.169.43.25,192.169.43.26,192.169.43.27
2295,Pie de Gallo ,192.169.43.114,192.169.43.121,192.169.43.122,192.169.43.123
2432,San Buenaventura Nealtican(Maspatepec),192.169.42.114,192.169.42.121,192.169.42.122,192.169.42.123
2240,Vicente Guerrero,192.169.47.210,192.169.47.217,192.169.47.218,192.169.47.219
2246,Guadalupe Victoria ,192.169.40.66,192.169.40.73,192.169.40.74,192.169.40.75
2689,San Pablo Oztotepec,192.169.45.130,192.169.45.137,192.169.45.138,192.169.45.139
1323,San José del Progreso,192.168.246.146,192.168.246.153,192.168.246.154,192.168.246.155
2761,Santa Maria Colotopec,192.169.42.98,192.169.42.105,192.169.42.106,192.169.42.107
2074,Huiramba,192.169.51.162,192.169.51.169,192.169.51.170,192.169.51.171
2904,Viesca ,192.169.47.130,192.169.47.137,192.169.47.138,192.169.47.139
2048,Quechultenango,192.169.48.242,192.169.48.249,192.169.48.250,192.169.48.251
2297,Agua Dulce Papantla,192.169.56.34,192.169.56.41,192.169.56.42,192.169.56.43
1592,Carmen Zacatecas ,192.169.46.50,192.169.46.57,192.169.46.58,192.169.46.59
1737,San Rafael,192.169.55.178,192.169.55.185,192.169.55.186,192.169.55.187
1835,Tehuixtla,192.168.243.34,192.168.243.41,192.168.243.42,192.168.243.43
2137,Cuncunul,192.169.44.242,192.169.44.249,192.169.44.250,192.169.44.251
2419,Tetipac,192.169.48.114,192.169.48.121,192.169.48.122,192.169.48.123
1517,Matamoros Galaneño,192.169.55.50,192.169.55.57,192.169.55.58,192.169.55.59
2055,Sn Luis Acatlan,192.169.49.2,192.169.49.9,192.169.49.10,192.169.49.11
1674,San Luis Actatlan ,192.169.49.34,192.169.49.41,192.169.49.42,192.169.49.43
2272,Coyutla ,192.169.56.2,192.169.56.9,192.169.56.10,192.169.56.11
2505,Sonoyta ,192.169.34.194,192.169.34.201,192.169.34.202,192.169.34.203
1630,Cardonal ,192.169.49.50,192.169.49.57,192.169.49.58,192.169.49.59
2255,Llano Grande ,192.169.54.194,192.169.54.201,192.169.54.202,192.169.54.203
2554,Teabo ,192.169.45.82,192.169.45.89,192.169.45.90,192.169.45.91
2567,Senguio,192.169.51.50,192.169.51.57,192.169.51.58,192.169.51.59
2261,Benito Juárez Villaflores,192.169.40.82,192.169.40.89,192.169.40.90,192.169.40.91
1699,Santo Domingo Armenta,192.168.246.210,192.169.246.217,192.169.246.218,192.169.246.219
2906,Santa Maria del Oro,192.169.47.162,192.169.47.169,192.169.47.170,192.169.47.171
1303,Huamelula ,192.169.52.178,192.169.52.185,192.169.52.186,192.169.52.187
2462,Cosala ,192.169.37.194,192.169.37.201,192.169.37.202,192.169.37.203
2747,Iguala de la Independencia,192.169.41.50,192.169.41.57,192.169.41.58,192.169.41.59
1989,Ometepec,192.169.49.18,192.169.49.25,192.169.49.26,192.169.49.27
1828,Tanhuato,192.169.19.146,192.169.19.153,192.169.19.154,192.169.19.155
2210,Reynosa,192.169.55.82,192.169.55.89,192.169.55.90,192.169.55.91
2457,Palomares,192.169.37.146,192.169.37.153,192.169.37.154,192.169.37.155
2694,Cuautitlan Izcalli,192.169.41.194,192.169.41.201,192.169.41.202,192.169.41.203
2258,Abasolo,192.169.55.66,192.169.55.73,192.169.55.74,192.169.55.75
2781,Villa Azueta,192.169.44.210,192.169.44.217,192.169.44.218,192.169.44.219
2714, Metalcalcita,192.169.44.146,192.169.44.153,192.169.44.154,192.169.44.155
2770,Acatzingo,192.169.43.66,192.169.43.73,192.169.43.74,192.169.43.75
2267,El Espinal,192.169.55.194,192.169.55.201,192.169.55.202,192.169.55.203
2677,Axochiapan,192.169.42.18,192.169.42.25,192.169.42.26,192.169.42.27
1741,Juan Aldama,192.169.16.130,192.169.16.137,192.169.16.138,192.169.16.139
2888,Cajeme Providencia,192.169.55.2,192.169.55.9,192.169.55.10,192.169.55.11
2726,Nopalucan,19.169.42.162,192.169.42.169,192.169.42.170,192.169.42.171
2077,Maravatio,192.169.28.130,192.169.28.137,192.169.28.138,192.169.28.139
1728,Casa Blanca,192.169.27.146,192.169.27.153,192.169.27.54,192.169.27.55
1111,Casas Geandes ,192.169.3.226,192.169.3.233,192.169.3.234,192.169.3.235
1820,El Capulin,192.169.51.146,192.169.51.153,192.169.51.154,192.169.51.155
2899,Chihuahua Revolucion,192.169.47.34,192.169.47.41,192.169.47.42,192.169.47.43
2529,Valle Ocampo Centro,192.169.38.130,192.169.38.137,192.169.38.138,192.169.38.139
2560,Puruandiro,192.169.51.114,192.169.51.121,192.169.51.122,192.169.51.123
2442,Loma de Flores,192.169.40.242,192.169.40.249,192.169.40.250,192.169.40.251
1740,Jalpa,192.169.16.114,192.169.16.121,192.169.16.122,192.169.16.123
1472,Tlacojalpan,192.169.14.226,192.169.14.233,192.169.14.234,192.169.14.235
2566,San Lucas,192.169.51.34,192.169.51.41,192.169.51.42,192.169.51.43
2256,Agua Prieta,192.169.30.242,192.169.30.249,192.169.30.250,192.169.30.251
2630,Chinameca,192.169.56.146,192.169.56.153,192.169.56.154,192.169.56.155
2427,Tlatlaya,192.169.50.146,192.169.50.153,192.169.50.154,192.169.50.155
1643,Montemorelos,192.168.244.50,192.168.244.57,192.168.244.58,192.168.244.59
2445,Jilotitlan,192.169.49.146,192.169.49.153,192.169.49.154,192.169.49.155
2450,San Pedro el Alto,192.169.50.66,192.169.50.73,192.169.50.74,192.169.50.75
1877,Santo Domingo Ingenio,192.169.23.34,192.169.23.41,192.169.23.42,192.169.23.43
2026,San MateoTexcalyacac,192.169.50.2,192.169.50.9,192.169.50.10,192.169.50.11
1305,Santa Maria Huatulco ,192.169.14.194,192.169.14.201,192.169.14.202,192.169.14.203
1824,Marcos Castellanos,192.169.21.146,192.169.21.153,192.169.21.154,192.169.21.155
1603,Guadalupe,192.169.47.82,192.169.47.89,192.169.47.90,192.169.47.91
2896,Palmarito Tochapan ,192.169.42.194,192.169.42.201,192.169.42.202,192.169.42.203
1192,Sta. Ma. Huazolotitlan,192.169.4.66,192.169.4.73,192.169.4.74,192.169.4.75
2602,Altepexi,192.169.43.2,192.169.43.9,192.169.43.10,192.169.43.11
2833,Jantetelco,192.169.52.18,192.169.52.25,192.169.52.26,192.169.52.27
2867,Asension,192.169.46.226,192.169.46.233,192.169.46.234,192.169.46.235
2530,Tapiluca,192.169.38.146,192.169.38.153,192.169.38.154,192.169.38.155
2209,Ocoroni,192.169.54.210,192.169.54.217,192.169.54.218,192.169.54.219
2870,Aljojuca,192.169.54.18,192.169.54.25,192.169.54.26,192.169.54.27
2188,Ayoquezco de Aldama,192.169.42.66,192.169.42.73,192.169.42.74,192.169.42.75
2512,Chiautla,192.169.36.18,192.169.36.25,192.169.36.26,192.169.36.27
1545,Tlachichuca,192.168.249.210,192.168.249.217,192.168.249.218,192.168.249.219
2311,Navojoa,192.169.44.66,192.169.44.73,192.169.44.74,192.169.44.75
2696,Coyotepec,192.169.41.210,192.169.41.217,192.169.41.218,192.169.41.219
2927,San Salvador  Huixcolotla,192.169.53.162,192.169.53.169,192.169.53.170,192.169.53.171
2661,Erongaricuaro,192.169.51.98,192.169.51.105,192.169.51.106,192.169.51.107
2779,Güemez,192.169.55.146,192.169.55153,192.169.55.154,192.169.55.155
2083,Paracuaro,192.169.51.226,192.169.51.233,192.169.51.234,192.169.51.235
1682,Tecomaxtlahuaca,192.168.246.242,192.168.246.249,192.168.246.250,192.168.246.251
2005,Sn Fco Zacacalco,192.169.41.130,192.169.41.137,192.169.41.138,192.169.41.139
2941,Chiconquiaco,192.169.56.210,192.169.56.217,192.169.56.218,192.169.56.219
2299,Union Juarez,192.169.46.82,192.169.46.89,192.169.46.90,192.169.46.91
2454,Union Hidalgio,192.169.52.114,192.169.52.121,192.169.52.122,192.169.52.123
2929,Ixhuatlan del cafe,192.169.56.130,192.169.56.137,192.169.56.138,192.169.56.139
2275,Monclova,192.169.47.146,192.169.47.153,192.169.47.154,192.169.47.155
2304,Ignacio Zaragoza,192.169.47.66,192.169.47.73,192.169.47.74,192.169.47.75
2789,Tiliapan,192.169.57.34,192.169.57.41,192.169.57.42,192.169.57.43
2937,  Rinconada,192.169.56.178,192.169.56.185,192.169.56.186,192.169.56.187
2637,Nejapa de Madera,192.169.52.98,192.169.52.105,192.169.52.106,192.169.52.107
2279,Hueyapan  Tetela,192.169.26.162,192.169.26.169,192.169.26.170,192.169.26.171
2306,Tlalpujahua,192.169.34.34,192.169.34.41,192.169.34.42,192.169.34.43
2885,Los Ramones,192.169.52.82,192.169.52.89,192.169.52.90,192.169.52.91
2891,Plava el Rosarito ,192.169.46.2,192.169.46.9,192.169.46.10,192.169.46.11
2576,La Gloria,192.169.56.98,192.169.56.105,192.169.56.106,192.169.56.107
2435,Tetelzingo ,192.169.56.114,192.169.56.121,192.169.56.122,192.169.56.123
1533,La Union,192.169.48.178,192.169.48.185,192.169.48.186,192.169.48.187
2601,Morelos Cañada,192.169.42.242,192.169.42.249,192.169.42.250,192.169.42.251
1658,San Andres Oaxaca,192.168.247.162,192.169.247.169,192.169.247.170,192.169.247.171
2981,Acambaro,192.169.48.2,192.169.48.9,192.169.48.10,192.169.48.11
2181,Centauro,192.169.45.178,192.169.45.185,192.169.45.186,192.169.45.187
1773,Doxhicho/ Colipa,192.168.238.130,192.168.238.137,192.168.238.138,192.168.238.139
1215,Puerto Peñasco,192.169.12.98,192.169.12.105,192.169.12.106,192.169.12.107
1795,Buena Vista de la Salud ,192.169.19.114,192.169.19.121,192.169.19.122,192.169.19.123
1818,Cheran Purepechas ,192.169.19.66,192.169.19.73,192.169.19.74,192.169.19.75
2280,Xoxocotla,192.169.26.66,192.169.26.73,192.169.26.74,192.169.26.75
2308,Las Cruz Sinaloa,192.169.34.114,192.169.34.121,192.169.34.122,192.169.34.123
2629,Carlos Carrillo,192.169.44.194,192.169.94.201,192.169.44.202,192.169.44.203
2897,Juarez,192.169.47.18,192.169.47.25,192.169.47.26,192.169.47.27
2555,San Juan Guadalupe,192.169.47.178,192.169.47.185,192.169.47.186,192.169.47.187
2951,Huixcolotla,192.169.57.18,192.169.57.25,192.169.57.26,192.169.57.27
2015,Providencia Otzolotepec,192.169.41.162,192.169.41.169,192.169.41.170,192.169.41.171
2680,Aldama,192.169.55.114,192.169.55.121,192.169.55.122,192.169.55.123
2583,Gutierrez Zamora,192.169.56.66,192.169.56.73,192.169.56.74,192.169.56.75
2573,Petlalcingo,192.169.53.242,192.169.53.249,192.169.53.250,192.169.53.251
2979,Heroica Guaymas,192.169.54.242,192.169.54.249,192.169.54.250,192.169.54.251
2753,Chucandiro,192.169.50.242,192.169.50.249,192.169.50.250,192.169.50.251
2889,Pueblo Yaqui,192.169.55.18,192.169.55.25,192.169.55.26,192.169.55.27
2691,Teloloapan,192.169.48.162,192.169.48.169,192.169.48.170,192.169.48.171
2565,Huetamo,192.169.51.18,192.169.51.25,192.169.51.26,192.169.51.27
2552,Cuzama,192.169.45.34,192.169.45.41,192.169.45.42,192.169.45.43
2944,Jalancingo,192.169.56.242,192.169.56.249,192.169.56.250,192.169.56.251
2294,Huimilpan,192.169.43.98,192.169.43.105,192.169.43.106,192.169.43.107
2613,Paracuaro ,192.169.50.226,192.169.50.233,192.169.50.234,192.169.50.235
2563,Castillo de Teayo,192.169.56.18,192.169.56.25,192.169.56.26,192.169.56.27
2112,Villa de Arriaga,192.169.54.130,192.169.54.137,192.169.54.138,192.169.54.139
2448,San Miguel Tenochtitlan,192.169.50.34,192.169.50.41,192.169.50.42,192.169.50.43
2395,Tejupam,192.169.52.210,192.169.52.217,192.169.52.218,192.169.52.219
2398,Monteverde,192.169.52.226,192.169.52.233,192.169.52.234,192.169.52.235
2206,San Blas,192.169.54.162,192.169.54.169,192.169.54.170,192.169.54.171
2896,Juárez ,192.169.47.2,192.169.47.9,192.169.47.10,192.169.47.11
2635,Espita,192.169.45.114,192.169.45.121,192.169.45.122,192.169.45.123
1480,La Independencia,192.169.39.242,192.169.39.249,192.169.39.250,192.169.39.251
2504,Cajeme,192.169.34.162,192.169.34.169,192.169.34.170,192.169.34.171
1543,Hualahuises Sta. Rosa,192.169.27.50,192.169.27.57,192.169.27.58,192.169.27.59
2392,Tlacotepec,192.169.26.98,192.169.26.105,192.169.26.106,192.169.26.107
1220,Rio Florido SEP,192.169.11.82,192.169.11.89,192.169.11.90,192.169.11.91
1926,Coscomatepec,192.169.19.194,192.169.19.201,192.169.19.202,192.169.19.203
1904,Tamazula,192.169.20.98,192.169.20.105,192.169.20.106,192.169.20.107
1191,San Juan Colorado,192.168.245.146,192.168.245.154,192.169.245.155,192.169.245.156
2437,Plaza Colosio,192.169.44.82,192.169.44.89,192.169.44.90,192.169.44.91
2562,Tepetzintla,192.169.55.210,192.169.55.217,192.169.55.218,192.169.55.219
2903,Bachiniva,192.169.47.50,192.169.47.57,192.169.47.58,192.169.47.59
2497,Querendaro,192.169.33.34,192.169.33.41,192.169.33.42,192.169.33.43
2072,Jungapeo,192.169.28.98,192.169.28.105,192.169.28.106,192.169.28.107
2895,Janos,192.169.46.242,192.169.46.249,192.169.46.250,192.169.46.251
2775,Heróica Ciudad Concordia,192.169.44.2,192.169.44.9,192.169.44.10,192.169.44.11
2087,Vista Hermosa,192.169.28.194,192.169.28.201,192.169.28.202,192.169.28.203
2618,Nueva Italia,192.169.51.2,192.169.51.9,192.169.51.10,192.169.51.11
1322,Rio Grande ,192.169.14.242,192.169.14.249,192.169.14.250,192.169.14.251
2575,Gonzalez,192.169.55.98,192.169.55.105,192.169.55.106,192.169.55.107
2641,Tetiz,192.169.57.66,192.169.57.73,192.169.57.74,192.169.57.75
2631, Tlacuilolapan,192.169.44.226,192.169.44.233,192.169.44.234,192.169.44.235
2693,Tuxpan,192.169.49.130,192.169.49.137,192.169.49.138,192.169.49.139
2506,San Pedro de los Naranjos,192.169.35.82,192.169.35.89,192.169.35.90,192.169.35.91
2670,Paseo el Alto,192.169.48.66,192.169.48.73,192.169.48.74,192.169.48.75
2591,Santa Clara del Cobre ,192.169.52.2,192.169.52.9,192.169.52.10,192.169.52.11
2597,San Miguel Zozutla,192.169.42.226,192.169.42.233,192.169.42.234,192.169.42.235
2404,Yextla,192.169.48.210,192.169.48.217,192.169.48.218,192.169.48.219
2467,Juan Aldama ,192.169.40.194,192.169.40.201,192.169.40.202,192.169.40.203
2204,Jesus Maria Centro ,192.169.54.146,192.169.54.153,192.169.54.154,192.169.54.155
2327,Xochitlan ,192.169.53.226,192.169.53.233,192.169.53.234,192.169.53.235
2767,Santa Clara Huitziltepec,192.169.43.34,192.169.43.41,192.169.43.42,192.169.43.43
2890,Bacum,192.169.55.34,192.169.55.41,192.169.55.42,192.169.55.43
2847,Cuendo,192.169.50.18,192.169.50.25,192.169.50.26,192.169.50.27
2428,Tapaxco,192.169.50.162,192.169.50.169,192.169.50.170,192.169.50.171
2612,Joquicingo,192.169.50.210,192.169.50.217,192.169.50.218,192.169.50.219
2452,Las Tinajas,192.169.50.82,192.169.50.89,192.169.50.90,192.169.50.91
2086,San Jeronimo Purenchecuaro,192.169.50.242,192.169.51.249,192.169.51.250,192.169.51.251
2586,Luis Moya,192.169.57.162,192.169.57.169,192.169.57.170,192.169.57.171
2466,Mariano Jimenez,192.169.47.98,192.169.47.105,192.169.47.106,192.169.47.107
2133,Veracruz Dos Lomas,192.169.29.130,192.169.29.137,192.169.29.138,192.169.29.139
2800,Tonala,192.169.49.194,192.169.49.201,192.169.49.202,192.169.49.203
2553,Sotuta,192.169.45.66,192.165.45.73,192.165.45.74,192.165.45.75
2989,Ocoyoacac,192.169.59.66,192.169.59.73,192.169.59.74,192.169.59.75
2459,Pantepec,192.169.53.178,192.169.53.185,192.169.53.186,192.169.53.187
2874,Hueytamalco,192.169.54.66,192.169.54.73,192.169.54.74,192.169.54.75
2600,Nueva Ciudad Guerrero,192.169.55.162,192.169.55.169,192.169.55.170,192.169.55.171
2639,San Blas ,192.169.42.34,192.169.42.41,192.169.42.42,192.169.42.43
2343,Zitlala,192.169.41.34,192.169.41.41,192.169.41.42,192.169.41.43
1692,Tlahuitoltepec,192.169.52.162,192.169.52.169,192.169.52.170,192.169.52.171
2772,San Miguel Xoxtla,192.169.43.82,192.169.43.89,192.169.43.90,192.169.43.91
2593,Ayotoxco,192.169.54.34,192.169.54.41,192.169.54.42,192.169.54.43
2746,Ixcateopan de Cuauhtémoc,192.169.48.194,192.169.48.201,192.169.48.202,192.169.48.203
2923,Teotlalco,192.169.53.98,192.169.53.105,192.169.53.106,192.169.53.107
2264,Villa Madero,192.169.33.50,192.169.33.57,192.169.33.58,192.169.33.59
2690,Matamoros,192.169.47.114,192.169.47.121,192.169.47.122,192.169.47.123
2249,Quiatoni,192.169.53.34,192.169.53.41,192.169.53.42,192.169.53.43
2037,San Juan Cercano,192.169.48.18,192.169.48.25,192.169.48.26,192.169.48.27
2644,Uriangato,192.169.48.50,192.169.48.57,192.169.48.58,192.169.48.59
2332,Lomas de San Ramon,192.169.46.18,192.169.46.25,192.169.46.26,192.169.46.27
2673,Jaltocan,192.169.49.98,192.169.49.105,192.169.49.106,192.169.49.107
2556,San Felipe Tejalapam,192.169.42.82,192.169.42.89,192.169.42.90,192.169.42.91
2572,Xaltipan,192.169.53.210,192.169.53.217,192.169.53.218,192.169.53.219
2619,Huajicori,192.169.52.34,192.169.52.41,192.169.52.42,192.169.52.43
2157,Chanal Chiapas,192.169.46.194,192.169.46.201,192.169.46.202,192.169.46.203
2921, Chinantla,192.169.53.50,192.169.53.57,192.169.53.58,192.169.53.59
2838,San Miguel Topilejo,192.169.9.34,192.169.9.48,192.169.9.48,192.169.9.49
1800,San Jeronimito,192.169.22.66,192.169.22.73,192.169.22.74,192.169.22.75
1443,Juventino Rosas,192.169.14.178,192.169.14.185,192.169.14.186,192.169.14.187
2238,Maltrata,192.169.25.114,192.169.25.121,192.169.25.122,192.169.25.123
2223,Tres Valles,192.169.25.226,192.169.25.233,192.169.25.234,192.169.25.235
1206,Toliman,192.169.4.82,192.169.4.89,192.169.4.90,192.169.4.91
2222,Otatitlán,192.169.25.210,192.169.25.217,192.169.25.218,192.169.25.219
2047,Ayutla de los Libres,192.169.18.226,192.169.18.233,192.169.18.234,192.169.18.235
2213,Ixmatlahuacan,192.169.25.18,192.168.25.25,192.169.25.25,192.169.25.26
1407,Zanatepec La Guadalupe,192.169.12.162,192.169.12.169,192.169.12.170,192.169.12.171
1940,Soledad Atzompa,192.169.23.50,192.169.23.57,192.169.23.58,192.169.23.59
1798,Marquelia Constitucion,192.169.21.162,192.169.21.169,192.169.21.170,192.169.21.171
2349,Benito Juárez,192.169.5.34,192.169.5.48,192.169.5.49,192.169.5.50
1694,Niltepec,192.169.17.226,192.169.17.233,192.169.17.234,192.169.17.235
2367,San Nicolas Totolapa,192.169.8.66,192.169.8.80,192.168.8.81,192.168.8.82
2221,Agua Dulce,192.169.25.194,192.168.25.201,192.169.25.202,192.169.25.203
1541,Sahuayo Limonera,192.169.14.50,192.169.14.57,192.169.14.58,192.169.14.59
1929,Tenextepec,192.169.23.114,192.169.23.121,192.169.23.122,192.169.23.123
1945,Villa Aldama,192.169.24.130,192.169.24.137,192.169.24.138,192.169.24.139
2239,Jesusu Carranza,192.169.25.130,192.169.25.137,192.169.25.138,192.169.25.139
2368,Deportivo 18 de Marzo,192.169.8.130,192.169.8.144,192.169.8.145,192.169.8.146
2352,Cuajimalpa,192.169.5.194,192.169.5.208,192.169.5.209,192.169.5.210
1268,Camalu,192.169.13.226,192.169.13.233,192.169.13.234,192.169.13.235
1329,Mazatan,192.169.11.242,192.169.11.249,192.169.11.250,192.169.11.251
2347,Toltecas,192.169.4.130,192.169.4.144,192.169.4.145,192.169.4.146
2374,Costituyentes,192.169.4.98,192.169.4.112,192.169.4.113,192.169.4.114
1960,Morelos las Pilas ,192.169.21.226,192.169.21.233,192.169.21.234,192.169.21.235
2132,Ursulo Galvan ,192.169.24.98,192.169.24.105,192.169.24.106,192.169.24.107
1683,Temascal,192.169.17.130,192.169.17.137,192.169.33.138,192.169.33.139
1532,Cualac ,192.169.13.210,192.169.13.217,192.169.17.138,192.169.17.139
1944,Santa Fe Veracruz,192.169.24.114,192.169.24.121,192.169.24.122,192.169.24.123
1560,Acapulco ISSSTE,192.169.13.98,192.169.13.105,192.169.13.106,192.169.13.107
1339,Romita,192.169.14.34,192.169.14.41,192.169.14.42,192.169.14.43
1848,Ocotlan de Morelos,192.169.22.2,192.169.22.9,192.169.22.10,192.169.22.11
1796,El Ocotito,192.169.19.130,192.169.19.137,192.169.19.38,192.169.19.39
1530,San Felipe,192.169.14.82,192.168.14.89,192.169.14.90,192.169.14.91
1445,San Luis de la Paz,192.169.14.114,192.169.14.121,192.169.14.122,192.169.14.123
2030,Comonfort,192.169.19.162,192.169.19.169,192.169.19.170,192.169.19.171
1942,Texistepec,192.169.23.194,192.169.23.201|,192.169.23.202,192.169.23.203
1831,CALTZONTZIN,192.169.19.18,192.169.19.25,192.169.19.26,192.169.19.27
1719,La Lira,192.169.17.2,192.169.17.9,192.169.17.10,192.169.17.11
1716,Amelco,192.169.15.50,192.169.15.57,192.169.15.58,192.169.15.59
2049,Tlapa de Comonfort Inpi,192.169.23.226,192.169.23.233,192.169.23.234,192.169.23.235
1691,Mixtequilla ,192.169.17.178,192.169.17.185,192.169.17.186,192.169.17.187
1937,Olutla,192.169.22.34,192.169.22.41,192.169.22.42,192.169.22.43
2056,"Las Vigas, San Marcos ",192.169.22.178,192.169.22.185,192.169.5.17,192.169.5.18
2127,Manilo Fabio,192.169.21.114,192.169.21.121,192.169.21.122,192.169.21.123
1389,Salvatierra,192.169.12.130,192.169.12.137,192.169.12.138,192.169.12.139
1492,Ecuandureo,192.169.11.34,192.169.11.41,192.169.11.42,192.169.11.43
2155,Bochil,192.169.24.194,192.169.24.201,192.169.24.202,192.169.24.203
2174,Revolucion Villa Corzo,192.169.30.34,192.169.30.41,192.169.30.42,192.169.30.43
1589,Pueblo Nuevo Cabecera,192.169.17.18,192.169.17.25,192.169.17.26,192.169.17.27
1596,Tonala Guarda Nacional,192.169.18.82,192.169.18.89,192.169.18.90,192.169.18.91
2165,Villa Corzo,192.169.30.2,192.169.30.9,192.169.30.10,192.169.30.11
2176,Cristobal Obregon,192.169.30.66,192.169.30.73,192.169.30.74,192.169.30.75
2175,San Pedro,192.169.30.50,192.169.30.57,192.169.13.186,192.169.13.187
1340,Chilapa,192.169.13.178,192.169.13.185,192.169.30.58,192.169.30.59
1531,Jerecuaro el Fresno,192.169.14.130,192.169.14.137,192.169.14.138,192.169.14.139
1563,Churintzio,192.169.13.194,192.169.13.201,192.169.13.202,192.169.13.203
1799,Petatlan,192.169.22.50,192.169.22.57,192.169.22.58,192.169.22.59
1789,La Argolla,192.169.20.194,192.169.20.201,192.169.20.202,192.169.20.203
1931,Juchique de Ferrer,192.169.21.2,192.169.21.9,192.169.21.10,192.169.21.11
1732,Blancan,192.169.15.98,192.169.15.105,192.169.15.106,192.169.15.107
1574,Tijuana Otay,192.169.18.66,192.169.18.73,192.169.18.74,192.169.18.75
2031,Cuchicuato,192.169.20.210,192.169.20.217,192.169.20.218,192.169.20.219
1861,Huitzo,192.169.22.210,192.169.22.217,192.169.22.218,192.169.22.219
1978,San Fco del Rincon,192.169.14.98,192.169.14.105,192.169.14.106,192.169.14.107
1387,Manuel Doblado,192.169.11.226,192.169.11.233,192.169.11.234,192.169.11.235
1790,Los Arcos,192.169.21.34,192.169.21.41,192.169.21.42,192.169.21.43
1963,Pinos ,192.169.21.98,192.169.21.105,192.169.21.106,192.169.21.107
1788,Puruagua,192.169.19.242,192.169.19.249,192.169.19.250,192.169.19.251
2385,Lomas de Sotelo,192.169.8.98,192.169.8.112,192.169.8.113,192.169.8.114
2384,San Jeronimo ,192.169.8.34,192.169.8.48,192.169.8.49,192.169.8.50
1965,Tepechitlan,192.169.23.146,192.169.23.153,192.169.23.154,192.169.23.155
2383,San Francisco,192.169.8.2,192.169.8.16,192.169.8.17,192.169.8.18
1968,Trancoso,192.169.24.18,192.169.24.25,192.169.24.26,192.169.24.27
2387,Pedregal las Aguilas ,192.169.9.2,192.169.9.16,192.169.4.241,192.169.4.242
2386,Pedregal de San Nicolas ,192.169.8.226,192.169.8.240,192.169.8.49,192.169.8.50
1119,Charo SEDENA,192.169.10.66,192.169.10.73,192.169.10.74,192.169.10.75
2377,El Rosario ,192.169.4.226,192.169.4.240,192.169.8.241,192.169.8.242
2236,Tlacotalpan,192.169.25.98,192.169.25.105,192.169.25.106,192.169.25.107
2333,Tecate,192.169.31.98,192.169.31.105,192.169.31.106,192.169.31.107
2265,Matehuala ,192.169.33.66,192.169.33.73,192.169.33.74,192.169.33.75
1967,Tlaltenango,192.169.23.210,192.169.23.217,192.169.38.74,192.169.38.75
2473,Ezequiel Montes ,192.169.38.66,192.169.38.73,192.169.23.218,192.169.23.219
1405,CD Ixtepec San Antonio ,192.169.10.226,192.169.10.233,192.169.10.234,192.169.10.235
2409,Rio Blanco ,192.169.33.130,192.169.33.137,192.169.13.218,192.169.13.219
2403,Jalancingo,192.169.32.162,192.169.32.169,192.169.32.170,192.169.32.171
1644,Olinala INPI,192.169.16.226,192.169.16.233,192.169.16.234,192.169.16.235
1486,Coroneo,192.169.11.2,192.169.11.9,192.169.11.10,192.169.11.11
2376,Olivar de los Padres,192.169.4.194,192.169.4.208,192.169.4.209,192.169.4.210
1273,Venustiano Carranza ,192.169.12.34,192.169.12.41,192.169.12.42,192.169.12.43
1817,Chavinda ,192.169.19.50,192.169.19.57,192.169.19.58,192.169.19.59
2493,Isla Centro,192.169.32.146,192.169.32.153,192.169.32.154,192.169.32.155
2130,Panuco,192.169.29.98,192.169.29.105,192.169.29.106,192.169.29.107
2194,Colotepec,192.169.30.194,192.169.30.201,192.169.30.202,192.169.30.203
2336,Tomaltepec,192.169.32.50,192.169.32.57,192.169.32.58,192.169.32.59
1600,San Quintin,192.169.27.82,192.169.27.89,192.169.27.90,192.169.27.91
2517,Atzacan,192.169.36.194,192.169.36.201,192.169.36.202,192.169.36.203
1959,Loreto Zacatecas ,192.169.21.82,192.169.21.89,192.169.21.90,192.169.21.91
2093,SAN PEDRO POCHUTLA,192.169.28.210,192.169.28.217,192.169.28.218,192.169.28.219
2433,Atenzingo,192.169.36.114,192.169.36.121,192.169.36.122,192.169.36.123
1623,Tenancingo ,192.169.18.34,192.169.18.41,192.169.18.42,192.169.18.43
1628,Minatitlan Sedena ,192.169.27.178,192.169.27.185,192.169.27.186,192.169.27.187
1717,Cadereyta de Montes ,192.169.15.130,192.169.15.137,192.169.15.138,192.169.15.139
2090,Matias Romero Avendaño,192.169.21.178,192.169.21.185,192169.21.186,192169.21.187
1290,Tequisistlan ,192.169.11.210,192.169.11.217,192.169.11.218,192.169.11.219
1966,Tepetongo,192.169.23.178,192.169.23.185,192.169.23.186,192.169.23.187
2348,Coltongo,192.169.5.2,192.169.5.16,192.169.22.186,192.169.22.187
1475,Tekax,192.169.27.66,192.169.27.73,192.169.27.74,192.169.27.75
2219,Tequisquiapan ,192.169.25.162,192.169.25.169,192.169.25.170,192.169.25.171
2251,San Quintin ,192.169.29.208,192.169.29.217,192.169.29.218,192.169.29.219
2518,Yuejat,192.169.36.210,192.169.36.217,192.169.36.218,192.169.36.219
2441,San Fernando ,192.169.36.242,192.169.36.249,192.169.36.250,192.169.36.251
2302,Metapa de Dominguez ,192.169.33.226,192.169.33.233,192.169.33.234,192.169.33.235
2110,Tamazunchale ,192.169.29.34,192.169.29.41,192.169.29.42,192.169.29.43
2257,Tenosique ,192.169.31.2,192.169.31.9,192.169.31.10,192.169.31.11
1970,Villa Hidalgo ,192.169.24.162,192.169.24.169,192.169.24.170,192.169.24.171
2148,Valladolid ,192.169.29.178,192.169.29.185,192.169.29.186,192.169.29.187
2131,Ciudad Cuauhtemoc,192.169.29.114,192.169.29.121,192.169.29.122,192.169.29.123
2534,Cocula,192.169.38.194,192.169.38.201,192.169.38.202,192.169.38.203
2485,Arriaga,192.169.31.114,192.169.31.121,192.169.31.122,192.169.31.123
2547,Rio Lagartos,192.169.39.146,192.169.39.153,192.169.39.154,192.169.39.155
2270,J ose Cardel Campos ,192.169.33.178,192.169.33.185,192.169.33.186,192.169.33.187
2407,Jalapa Tabasco,192.169.26.130,192.169.26.137,192.169.26.138,192.169.26.139
2413, Buenavista,192.169.34.18,192.169.34.25,192.169.34.26,192.169.34.27
2069,Ciudad Hidalgo ,192.169.28.66,192.169.28.73,192.169.28.74,192.169.28.75
2141,San Felipe,192.169.29.162,192.169.29.169,192169.29.170,192169.29.171
1792,Laguna,192.169.22.130,192.169.22.137,192.169.22.138,192.169.22.139
2458,San Francisco Ixhuatan,192.169.37.162,192.169.37.169,192.169.37.170,192.169.37.171
2269,Nogales ,192.169.33.146,192.169.33.153,192.169.33.154,192.169.33.155
2320,Zongolica ,192.169.35.66,192.169.35.73,192.169.35.74,192.169.35.75
2060,Mochitlan,192.169.28.2,192.169.28.9,192.169.28.10,192.169.28.11
2532,Mapastepec,192.169.38.178,192.169.38.185,192.169.38.186,192.169.38.187
2244,La Amistad Suchiapa ,192.169.31.130,192.169.31.137,192.169.31.138,192.169.31.139
2499,Tihuatlán ,192.169.33.194,192.169.33.201,192.169.33.202,192.169.33.203
2071,Benito Juárez,192.169.28.82,192.169.28.89,192.169.28.90,192.169.28.91
2498,Ozuluama,192.169.33.162,192.169.33.169,192.169.33.170,192.169.33.171
1962,Ojo Caliente ,192.169.22.18,192.169.22.25,192.169.22.26,192.169.22.27
1999,Jardines Ajusco,192.169.57.210,192.169.57.217,192.169.57.218,192.169.57.219
2287,Xoxocotlan ,192.169.32.18,192.169.32.25,192.169.32.26,192.169.32.27
2006,San Pedro la Gloria,192.169.41.146,192.169.41.153,192.169.41.154,192.169.41.155
2241,Villa de Hidalgo,192.169.40.98,192.169.40.105,192.169.40.106,192.169.40.107
2494,Maclovio Rojas ,192.169.32.178,192.169.32.185,192.169.32.186,192.169.32.187
2519,Dziuche,192.169.26.194,192.169.26.201,192.169.26.202,192.169.26.203
2408,Sn Lorenzo Tacotlapan,192.169.33.98,192.169.33.105,192.169.33.106,192.169.33.107
1627,Mexicali ,192.169.16.162,192.169.16.169,192.169.16.170,192.169.16.171
2531,Cintalapa,192.169.38.162,192.169.38.169,192.169.38.170,192.169.38.171
2410,San Antonio Motozintla,192.169.33.242,192.169.33.249,192.169.33.250,192.169.33.251
2582,Apatitlan,192.169.58.162,192.169.58.169,192.169.58.169,192.169.58.170
2463,La Bomba Ixhuatlan ,192.169.58.194,192.169.58.201,192.169.58.202,192.169.58.203
2235,Estacion Juanita ,192.169.33.114,192.169.33.121,192.169.33.122,192.169.33.123
2548,Ecatepec Adolfo Lopez Mateos,192.169.39.178,192.169.39.185,192.169.39.186,192.169.39.187
1731,Villa  Tututepec,192.169.18.98,192.169.18.105,192.169.18.106,192.169.18.107
2594,Las Tunas ,192.169.58.82,192.169.58.89,192.169.58.90,192.169.58.91
952,Mercado Villahermosa,192.169.26.2,192.169.26.9,19.169.26.10,19.169.26.11
2596,Tepeojuma,192.169.58.114,192.169.58.121,192.169.58.122,192.169.58.123
2598,Yehualtepec,192.169.58.130,192.169.58.137,192.169.58.138,192.169.58.139
2482,Buctzotz,192.169.31.50,192.169.31.57,192.169.31.58,192.169.31.59
2301,Jaltenango de la Paz,192.169.33.210,192.169.33.217,192.169.33.218,192.169.33.219
2484,Progreso de Castro,192.169.31.82,192.169.31.89,192.169.31.90,192.169.31.91
2129,Alamo,192.169.29.82,192.169.29.89,192.169.29.90,192.169.29.91
2388,San Miguel Topilejo,192.169.9.34,192.169.9.48,192.169.9.49,192.169.9.50
2595,Benito Juárez,192.169.58.98,192.169.58.105,192.168.58.106,192.168.58.107
2003,San Martin Cuautlalpan,192.169.59.50,192.169.59.57,192.169.59.58,192.169.59.59
1734,Parajes Huayacocotla,192.169.27.162,192.169.27.169,192.169.27.170,192.169.27.171
3041,Chimalhuacan ,192.169.59.98,192.169.59.105,192.169.59.106,192.169.59.107
2483,Peto Centro,192.169.31.66,192.169.31.73,192.169.31.74,192.169.31.75
2080,Itzicuaro,192.169.28.146,192.169.28.153,192.169.28.154,192.169.28.155
1121,Epitacio Huerta,192.169.10.50,192.169.10.57,192.169.10.58,192.169.10.59
2988,Capulhuac de Mirafuentes,192.169.59.130,192.169.59.137,192.169.59.138,192.169.59.139
2581,Yuriria,192.169.58.2,192.169.58.9,192.169.58.10,192.169.58.11
1621,La Piedad,192.169.18.114,192.169.18.121,192.169.18.122,192.169.18.123
2479,Playas de rosarito,192.169.29.226,192.169.29.233,192.169.29.234,192.169.29.235
1806,Tunititlan,192.169.19.98,192.169.19.105,192.169.19.106,192.169.19.107
1634,Tecozautla,192.169.18.2,192.169.18.9,192.169.18.10,192.169.18.11
1812,Tlaxcoapan,192.169.22.146,192.169.22.153,192.169.22.154,192.169.22.155
1571,San José de Gracia,192.169.17.98,192.169.17.105,192.169.17.106,192.169.17.107
1570,Rincon de Romo,192.169.17.34,192.169.17.41,192.169.17.42,192.169.17.43
1805,Atotonilco el Grande ,192.169.18.194,192.169.18.201,192.169.18.202,192.169.18.203
1807,Lolotla,192.169.21.66,192.169.21.73,192.169.21.74,192.169.21.75
1391,Acambay Urbana,192.169.10.98,192.169.10.105,192.169.10.106,192.169.10.107
1568,Cosio,192.169.15.242,192.169.15.248,192.169.15.249,192.169.15.250
2107,Cozumel Telecom ,192.169.22.194,192.169.22.201,192.169.22.202,192.169.22.203
2106,Cancun SEDENA,192.169.19.34,192.169.19.41,192.169.19.42,192.169.19.43
1145,Charcas,192.169.4.18,192.169.4.25,192.169.4.26,192.169.4.27
1369,Nuevo Laredo Periferia,192.169.12.82,192.169.12.89,192.169.12.90,192.169.12.91
1546,Sn Salvador El Seco Sur,192.169.14.162,192.169.14.169,192.169.14.170,192.169.14.171
1712,Esperanza Centro,192.169.16.50,192.169.16.57,192.169.16.58,192.169.16.59
1505,Tlalancaleca,192.169.3.242,192.169.3.249,192.169.3.250,192.169.3.251
1147,Tancanhuitz,192.169.4.34,192.169.4.41,192.169.4.42,192.169.4.43
1886,Guadalupe Victoria,192.169.20.82,192.169.20.89,192.169.20.250,192.169.20.251
1503,Juan Galindo Nuevo Necaxa ,192.169.11.178,192.169.11.185,192.169.11.186,192.169.11.187
1495,Yecaplixta SAN MARCOS,192.169.13.82,192.169.13.89,192.169.13.90,192.169.13.91
1403,"Mazatepec, Justo Sierra",192.169.12.2,192.169.12.9,192.169.12.10,192.169.12.11
1357,Coxcatlan,192.169.11.18,192.169.11.25,192.169.11.26,192.169.11.27
2359,Iztacalco 3,192.169.6.226,192.169.6.240,192.169.6.241,192.169.6.242
1834,Huitsilac,192.169.20.162,192.169.20.169,192.169.20.170,192.169.20.171
2360,Ramos Millan,192.169.7.2,192.169.7.16,192.169.7.17,192.169.7.18
1638,Temixco,192.169.18.18,192.169.18.25,192.169.18.26,192.169.18.27
1162,Tenabo,192.169.4.50,192.169.4.57,192.169.4.58,192.169.4.59
2370,Santa Cecilia,192.169.8.194,192.169.8.208,192.169.8.209,192.169.8.210
2366,Ermita Zaragoza,192.169.7.226,192.169.7.240,192.169.7.241,192.169.7.242
1720,Matlapa,192.169.16.146,192.169.16.153,192.0169.16.154,192.0169.16.155
1723,Venado,192.169.16.34,192.169.16.41,192.169.16.42,192.169.16.43
2361,Granjas Mexico,192.169.7.34,191.168.7.148,191.168.7.149,191.168.7.150
2369,Tlahuac,192.169.8.162,192.169.8.176,192.169.8.177,192.169.8.178
2365,Chinampac de Juarez,192.169.7.194,192.169.7.208,192.169.7.209,192.169.7.210
2363,Leyes de Reforma,192.169.7.130,192.169.7.144,192.169.7.145,192.169.7.146
2364,Lomas de Zaragoza,192.169.7.162,192.169.7.176,192.169.7.177,192.169.7.178
2362,San Andres Tetepilco ,192.169.7.66,192.169.7.80,192.169.7.81,192.169.7.82
1237,Ajacuba DICONSA,192.169.10.162,192.169.10.169,192.169.10.170,192.169.10.171
1489,Tolcayuca ,192.169.13.34,192.169.13.41,192.169.13.42,192.169.13.43
1562,Guadalajara SEDENA,192.169.13.242,192.169.13.249,192.169.13.250,192.169.13.251
1452,Mineral de la reforma,192.169.14.18,192.169.14.25,192.169.14.26,192.169.14.27
1241,Dr. Arroyo IMSS,192.169.4.2,192.169.4.9,192.169.4.10,192.169.4.11
1916,Ixtacuixtla,192.169.20.226,192.169.20.133,192.169.20.134,192.169.20.135
2103,San Miguel,192.169.23.130,192.169.23.137,192.169.23.138,192.169.23.139
2125,Santa Cruz Quilehtla,192.169.22.242,192.169.22.249,192.169.22.250,192.169.22.251
2009,Tecamachalco,192.169.21.18,192.169.21.25,192.169.21.26,192.169.21.27
2122,Santiago Coaula,192.169.19.2,192.169.19.9,192.169.19.10,192.169.19.11
2010,Sta. Cruz Atizapan,192.169.21.50,192.169.21.57,192.169.21.58,192.169.21.59
1813,Tula San Lorenzo,192.169.24.34,192.169.24.41,192.169.24.42,192.169.24.43
1397,Temascaltepec,192.169.12.226,192.169.12.233,192.169.12.234,192.169.12.235
1918,Tepetitla de Lardizabal,192.169.23.162,192.169.23.169,192.169.23.170,192.169.23.171
1909,Altlzanyanca las Palmas ,192.169.18.162,192.169.18.169,192.169.18.170,192.169.18.171
1952,Uman,192.169.24.66,192.169.24.73,192.169.24.74,192.169.24.75
1500,Hueyapan,192.169.11.146,192.169.11.153,192.169.11.154,192.169.11.155
1436,Dzitbalche,192.169.13.162,192.169.13.169,192.169.13.170,192.169.13.171
1588,Chicoloapan,192.169.15.194,192.169.15.201,192.169.15.202,192.169.15.203
1898,Tulcingo,192.169.24.50,192.169.24.57,192.169.24.58,192.169.24.59
1899,Xicotepec,192.169.24.178,192.169.24.185,192.169.24.186,192.169.24.187
2233,Xaloztoc,192.169.25.66,192.169.25.73,192.169.25.74,192.169.25.75
1392,Aculco el Parque,192.169.10.130,192.169.10.137,192.169.10.138,192.169.10.139
2521,Heroes de Padierna ,192.169.37.18,192.169.37.25,192.169.37.26,192.169.37.27
1544,San Nicolas Ecocentro,192.169.14.146,192.169.14.153,192.169.14.154,192.169.14.155
1576,Candelaria ,192.169.15.162,192.169.15.169,192.169.15.170,192.169.15.171
1636,San Salvador ,192.169.17.146,192.169.17.153,192.169.17.154,192.169.17.155
2391,Tlaxialtelco,192.169.9.194,192.169.9.208,192.169.9.209,192.169.9.210
1642,Galena ,192.169.10.2,192.169.10.9,192.169.10.10,192.169.10.11
1507,Tecomatlan ,192.169.10.82,192.169.10.89,192.169.10.90,192.169.10.91
1622,Tecamac,192.169.17.242,192.169.17.249,192.169.17.250,192.169.17.251
2389,Nativitas ,192.169.9.130,192.169.9.144,192.169.9.145,192.169.9.146
2375,Santa Maria Tepepan,192.169.4.162,192.169.4.176,192.169.4.177,192.169.4.178
1758,Cuauhtemoc,192.169.19.226,192.169.19.233,192.169.19.234,192.169.19.235
2390,San Marcos ,192.169.9.162,192.169.9.176,192.169.9.177,192.169.9.178
2382,Guelatao,192.169.7.98,192.169.7.12,192.169.7.13,192.169.7.14
2520,San Miguel Zapotitla ,192.169.37.2,192.169.37.9,192.169.37.10,192.169.37.11
1781,El Carmen Tejupilco ,192.169.23.82,192.169.23.89,192.169.23.90,192.169.23.91
2154,Colomo,192.169.21.130,192.169.21.137,192.169.21.138,192.169.21.139
2001,Tecoman,192.169.21.194,192.169.21.201,192.169.21.202,192.169.21.203
2525,San Bartolome ,192.169.37.210,192.169.37.217,192.169.37.218,192.169.37.219
2526,Cuajimalpa,192.169.37.226,192.169.37.233,192.169.37.234,192.169.37.235
1479,Hecelchakan San Francisco ,192.169.11.114,192.169.11.121,192.169.11.122,192.169.11.123
2527,Jardin Balbuena ,192.169.37.242,192.169.37.249,192.169.37.250,192.169.37.251
2522,Luis Gonzaga Urbina,192.169.37.34,192.169.37.41,192.169.37.42,192.169.37.43
1538,San Diego CONAGUA,199.169.14.66,199.169.14.73,199.169.14.74,199.169.14.75
1897,Tlahuapan ,192.169.29.18,192.169.29.25,192.169.29.26,192.169.29.27
1536,Ayotlan SADER ,192.169.13.130,192.169.13.137,192.169.13.138,192.169.13.139
1969,Villa de Cos ,192.169.24.146,192.169.24.153,192.169.24.154,192.169.24.155
2317,Tzompantepec,192.169.35.50,192.169.35.57,192.169.35.58,192.169.35.59
2546,La Magdalena Tlaltelulco ,192.169.39.130,192.169.39.137,192.169.39.138,192.169.39.139
1641,Santiago Ixcuintla,192.169.17.210,192.169.17.217,192.169.17.218,192.169.17.219
2184,San Agustin Tlaxiaca ,192.169.30.82,192.169.30.89,192.169.30.90,192.169.30.91
2316,Tepanyaco,192.169.35.18,192.169.35.25,192.169.35.26,192.169.35.27
1366,Tizapan el Alto ,192.169.14.210,192.169.14.217,192.169.14.218,192.169.14.219
1624,Pueblo Nuevo ,192.169.18.146,192.169.18.153,192.169.18.154,192.169.18.155
1331,Calkini,192.169.10.178,192.169.10.185,192.169.10.186,192.169.10.187
1573,Ameca SEDENA,192.169.15.66,192.169.15.73,192.169.15.74,192.169.15.75
1783,Tenango del valle ,192.169.23.98,192.169.23.105,192.169.23.106,192.169.23.107
2123,Sn Idelfonso,192.169.29.66,192.169.29.73,192.169.29.74,192.169.29.75
2337,Xonacatepec,192.169.32.82,192.169.32.89,192.169.32.90,192.169.32.91
2544,Teolocholco,192.169.39.98,192.169.39.98105,192.169.39.98106,192.169.39.98107
2492,Amozoc,192.169.32.66,192.169.32.73,192.169.32.74,192.169.32.75
2510,Tepetlaoxtoc,192.169.35.242,192.169.35.249,192.169.35.250,192.169.35.251
2023,Xalatlaco,192.169.23.242,192.169.23.249,192.169.23.250,192.169.23.251
2020,El Puente Temoaya ,192.169.27.210,192.169.27.217,192.169.27.218,192.169.27.219
2318,Tlaxco,192.169.35.34,192.169.35.41,192.169.35.42,192.169.35.43
1523,Tixkokob,192.169.13.18,192.169.13.25,192.169.13.26,192.169.13.27
1841,Villa Aldama,192.168.228.19,192.168.228.137,192.168.228.38,192.168.228.39
2326,Tecali ,192.169.36.66,192.169.36.73,192.169.36.74,192.169.36.75
2099,San Gregorio ,192.169.28.242,192.169.28.249,192.169.28.250,192.169.28.251
2216,Ixmiquilpan ,192.169.31.194,192.169.31.201,192.169.31.202,192.169.31.203
1218,Huamantla SADER ,192.169.11.130,192.169.11.137,192.169.11.138,192.169.11.139
2232,San Jose Teacalco ,192.169.25.50,192.169.25.57,192.169.25.58,192.169.25.59
1648,Sabinas NL,192.169.17.50,192.169.17.57,192.169.17.58,192.169.17.59
1809,Tepatepec,192.169.28.34,192.169.28.41,192.169.28.42,192.169.28.43
2545,Papalotla,192.169.39.114,192.169.39.121,192.169.39.122,192.169.39.123
2439,Acala,192.169.36.226,192.169.36.233,192.169.36.234,192.169.36.235
2319,San Pablo del Monte ,192.169.35.2,192.169.35.9,192.169.35.10,192.169.35.11
2192,Bajos de Chila ,192.169.30.178,192.169.30.185,192.169.30.186,192.169.30.187
1980,Zapopan ,192.169.15.2,192.169.15.9,192.169.15.10,192.169.15.11
2313,Cardenas ,192.169.34.242,192.169.34.249,192.169.34.250,192.169.34.251
2426,Amanaico ,192.169..35.178,192.169.35.185,192.169.35.186,192.169.35.187
2508,Tasquillo,192.169.35.162,192.169.35.169,192.169.35.170,192.169.35.171
2515,San Juan Xiutetelco ,192.169.36.130,192.169.36.137,192.169.36.138,192.169.36.139
2422,Parque Almoloya ,192.169.35.194,192.169.35.201,192.169.35.202,192.169.35.203
1635,Tezontepec ,192.169.18.50,192.169.18.57,192.169.18.58,192.169.18.59
2401, Yaonahuac,192.169.32.98,192.169.32.105,192.169.32.106,192.169.32.107
2345,Calpan,192.169.36.34,192.169.36.41,192.169.36.42,192.169.36.43
1912,Benito Juarez,192.169.18.242,192.169.18.249,192.169.18.250,192.169.18.251
2402,San Mateo Tlaixpan ,192.169.32.114,192.169.32.121,192.169.32.122,192.169.32.123
2461,San Marcos ,192.169.37.178,192.169.37.185,192.169.37.186,192.169.37.187
1901,Salinas,192.169.22.114,192.169.22.121,192.169.22.122,192.169.22.123
2471,Chalchicomula,192.169.38.34,192.169.38.41,192.169.38.42,192.169.38.43
2489,Tepeji del Rio ,192.169.31.178,192.169.31.185,192.169.31.186,192.169.31.187
1810,El Salitre,192.169.20.146,192.169.20.153,192.169.20.154,192.169.20.155
2507,Tetepango,192.169.35.130,192.169.35.137,192.169.35.138,192.169.35.139
2535,Santa Catarina Texcoco,192.169.38.210,192.169.38.217,192.169.38.218,192.169.38.219
1537,Jamay la Castañeda,192.169.27.34,192.169.27.41,192.169.27.42,192.169.27.43
2537,Tenango del Aire,192.169.38.242,192.169.38.249,192.169.38.250,192.169.38.251
2472,Atliztic,192.169.38.50,192.169.32.57,192.169.38.58,192.169.38.59
2536,Atlautla,192.169.38.226,192.169.38.233,192.169.38.234,192.169.38.235
1633,Santa Cruz ,192.169.17.162          ,192.169.17.169,192.169.17.170,192.169.17.171
2524,Ahualulco de Mercado,192.169.37.114,192.169.37.121,192.169.37.122,192.169.37.123
2315,Cuaplaxtla,192.169.34.226,192.169.34.233,192.169.34.234,192.169.34.235
2543,Santa Apolonia ,192.169.39.82,192.169.39.89,192.169.39.90,192.169.39.91
2509,Valle de Chalco,192.169.35.210,192.169.35.217,192.169.35.218,192.169.35.219
1599,Las Americas,192.169.16.18,192.169.16.25,192.169.16.26,192.169.16.27
2633,Jamapa,192.169.59.34,192.169.59.41,192.169.59.42,192.169.59.43
2423,Tenango de Doria,192.169.35.114,192.169.35.121,192.169.35.122,192.169.35.123
2429,Acolman de Nezahualcóyotl,192.169.35.226,192.169.35.233,192.169.35.234,192.169.35.235
2490,San Buenaventura,192.169.31.210,192.169.31.217,192.169.31.218,192.169.31.219
1430,Izamal,192.169.11.162,192.169.11.169,192.169.11.170,192.169.11.171
2550,Ojo de Agua,192.169.39.210,192.169.39.217,192.169.39.218,192.169.39.219
2549,Los Reyes Acozac,192.169.39.194,192.169.39.201,192.169.39.202,192.169.39.203
2564,Poza Rica,192.169.58.178,192.169.58.185,192.169.58.186,192.169.58.187
2568,Yanga,192.169.57.178,192.169.57.185,192.169.57.186,192.169.57.187
2584,Chontla,192.169.57.194,192.169.57.201,192.169.57.202,192.169.57.203
2514,San Miguel Acataln,192.169.36.98,192.169.36.105,192.169.36.106,192.169.36.107
1399,Xonacatlan,192.169.13.66,192.169.13.73,192.169.13.74,192.169.13.75
2470,Actipan de Morelos ,192.169.57.226,192.169.57.233,192.169.57.234,192.169.57.235
2513,Zoyatitla,192.169.36.82,192.169.36.89,192.169.36.90,192.169.36.91
1524,Tsucacab Centro,192.169.13.50,192.169.13.57,192.169.13.58,192.169.13.59
1522,Motul,192.169.12.66,192.169.12.73,192.169.12.74,192.169.12.75
2542,Santa Ana Nopalucan,192.169.39.66,192.169.39.73,192.169.39.74,192.169.39.75
2616,Jacona,192.169.58.34,192.169.58.41,192.169.58.42,192.169.58.43
2487,Melchor Ocampo,192.169.39.162,192.169.39.169,192.169.39.170,192.169.39.171
2511,San Pablo de las Salinas,192.169.36.2,192.169.36.9,192.169.36.10,192.169.36.11
2314,Contla,192.169.34.210,192.169.34.217,192.169.34.218,192.169.34.219
2237,Xoxocotla,192.169.55.242,192.169.55.249,192.169.55.250,192.169.55.251
2443,Concepcion de Buenos Aires ,192.169.37.50,192.169.37.57,192.169.37.58,192.169.37.59
2444,Tamazula de Gordiano,192.169.37.66,192.169.37.73,192.169.37.74,192.169.37.75
2523,Tecalitlan,192.169.37.98,192.169.37.105,192.169.37.106,192.169.37.107
2786,Cuitlahuac,192.169.59.18,192.169.59.25,192.169.59.26,192.169.59.27
2446,San Sebastian Del Sur,192.169.37.82,192.169.37.89,192.169.37.90,192.169.37.91
2589,Ocampo,192.169.58.66,192.169.58.73,192.169.58.74,192.169.58.75
